lcl|ORF1051_fragment20:39173:39033,AML37922.1,93.478,46,3,0,1,46,1,46,5.76e-19,80.9,93.48
lcl|ORF1051_fragment20:39173:39033,PZZ98249.1,73.684,38,10,0,9,46,98,135,1.68e-06,51.6,76.32
lcl|ORF1051_fragment20:39173:39033,EIV5763166.1,73.684,38,10,0,9,46,98,135,1.70e-06,51.6,76.32
lcl|ORF1051_fragment20:39173:39033,SBG53245.1,73.684,38,10,0,9,46,125,162,2.09e-06,52.0,76.32
lcl|ORF1051_fragment20:39173:39033,MCB3578598.1,71.053,38,11,0,9,46,98,135,7.40e-06,50.1,73.68
lcl|ORF1054_fragment20:38522:38403,STR31736.1,79.412,34,7,0,5,38,139,172,7.95e-09,58.9,82.35
lcl|ORF1054_fragment20:38522:38403,SBL28752.1,76.471,34,8,0,5,38,139,172,2.49e-08,57.8,79.41
lcl|ORF1054_fragment20:38522:38403,EKP25858.1,76.471,34,8,0,5,38,139,172,2.67e-08,57.8,79.41
lcl|ORF1059_fragment20:37253:36891,SPZ63030.1,51.648,91,44,0,1,91,19,109,1.83e-18,84.7,68.13
lcl|ORF1062_fragment20:36338:35331,WP_063446520.1,100.000,335,0,0,1,335,1,335,0.0,674,100.00
lcl|ORF1062_fragment20:36338:35331,WP_221695109.1,99.701,335,1,0,1,335,1,335,0.0,672,99.70
lcl|ORF1062_fragment20:36338:35331,WP_101705066.1,99.403,335,2,0,1,335,1,335,0.0,671,99.70
lcl|ORF1062_fragment20:36338:35331,WP_063410223.1,99.403,335,2,0,1,335,1,335,0.0,671,99.70
lcl|ORF1062_fragment20:36338:35331,WP_163312058.1,99.403,335,2,0,1,335,1,335,0.0,670,99.40
lcl|ORF1062_fragment20:36338:35331,WP_047079827.1,99.403,335,2,0,1,335,1,335,0.0,669,99.40
lcl|ORF1062_fragment20:36338:35331,MCR1573152.1,99.104,335,3,0,1,335,1,335,0.0,669,99.70
lcl|ORF1062_fragment20:36338:35331,WP_047078221.1,99.104,335,3,0,1,335,1,335,0.0,669,99.70
lcl|ORF1062_fragment20:36338:35331,WP_015369109.1,99.104,335,3,0,1,335,1,335,0.0,669,99.40
lcl|ORF1062_fragment20:36338:35331,HBS8352016.1,98.806,335,4,0,1,335,1,335,0.0,669,99.40
lcl|ORF1062_fragment20:36338:35331,WP_149271379.1,99.104,335,3,0,1,335,1,335,0.0,669,99.40
lcl|ORF1062_fragment20:36338:35331,WP_213794222.1,98.806,335,4,0,1,335,1,335,0.0,669,99.70
lcl|ORF1062_fragment20:36338:35331,WP_042893659.1,99.104,335,3,0,1,335,1,335,0.0,668,99.40
lcl|ORF1062_fragment20:36338:35331,WP_217800392.1,98.806,335,4,0,1,335,1,335,0.0,668,99.40
lcl|ORF1062_fragment20:36338:35331,WP_047077380.1,99.104,335,3,0,1,335,1,335,0.0,668,99.10
lcl|ORF1062_fragment20:36338:35331,QEV96675.1,99.104,335,3,0,1,335,1,335,0.0,668,99.10
lcl|ORF1062_fragment20:36338:35331,HBT3206213.1,98.806,335,4,0,1,335,1,335,0.0,667,99.40
lcl|ORF1062_fragment20:36338:35331,WP_193111129.1,98.806,335,4,0,1,335,1,335,0.0,667,99.10
lcl|ORF1062_fragment20:36338:35331,WP_032713044.1,98.806,335,4,0,1,335,1,335,0.0,667,99.40
lcl|ORF1062_fragment20:36338:35331,WP_213192073.1,99.104,335,3,0,1,335,1,335,0.0,667,99.10
lcl|ORF1062_fragment20:36338:35331,HBW3020470.1,98.806,335,4,0,1,335,1,335,0.0,667,99.10
lcl|ORF1062_fragment20:36338:35331,WP_213796171.1,99.104,335,3,0,1,335,1,335,0.0,667,99.10
lcl|ORF1062_fragment20:36338:35331,WP_047043171.1,98.806,335,4,0,1,335,1,335,0.0,667,99.40
lcl|ORF1062_fragment20:36338:35331,WP_063447235.1,98.806,335,4,0,1,335,1,335,0.0,667,99.10
lcl|ORF1062_fragment20:36338:35331,WP_047066669.1,98.806,335,4,0,1,335,1,335,0.0,667,99.40
lcl|ORF1062_fragment20:36338:35331,WP_213193597.1,98.806,335,4,0,1,335,1,335,0.0,667,99.40
lcl|ORF1062_fragment20:36338:35331,WP_049044881.1,98.806,335,4,0,1,335,1,335,0.0,667,99.10
lcl|ORF1062_fragment20:36338:35331,WP_049053067.1,98.806,335,4,0,1,335,1,335,0.0,667,99.40
lcl|ORF1062_fragment20:36338:35331,WP_032707324.1,98.806,335,4,0,1,335,1,335,0.0,666,99.10
lcl|ORF1062_fragment20:36338:35331,WP_015703848.1,98.806,335,4,0,1,335,1,335,0.0,666,99.10
lcl|ORF1062_fragment20:36338:35331,WP_267984905.1,99.104,335,3,0,1,335,1,335,0.0,666,99.40
lcl|ORF1062_fragment20:36338:35331,WP_213703292.1,98.806,335,4,0,1,335,1,335,0.0,666,99.10
lcl|ORF1062_fragment20:36338:35331,WP_126027780.1,98.806,335,4,0,1,335,1,335,0.0,666,99.10
lcl|ORF1062_fragment20:36338:35331,HBX2115975.1,98.806,335,4,0,1,335,1,335,0.0,666,99.40
lcl|ORF1062_fragment20:36338:35331,WP_020077660.1,98.507,335,5,0,1,335,1,335,0.0,665,99.10
lcl|ORF1062_fragment20:36338:35331,WP_213797554.1,98.806,335,4,0,1,335,1,335,0.0,665,99.40
lcl|ORF1062_fragment20:36338:35331,HBS6072807.1,98.806,335,4,0,1,335,1,335,0.0,665,99.10
lcl|ORF1062_fragment20:36338:35331,HBV6393465.1,98.507,335,5,0,1,335,1,335,0.0,665,99.40
lcl|ORF1062_fragment20:36338:35331,WP_072383284.1,98.806,335,4,0,1,335,1,335,0.0,665,99.10
lcl|ORF1062_fragment20:36338:35331,WP_032709437.1,98.806,335,4,0,1,335,1,335,0.0,665,99.10
lcl|ORF1062_fragment20:36338:35331,WP_103826142.1,98.209,335,6,0,1,335,1,335,0.0,665,99.10
lcl|ORF1062_fragment20:36338:35331,HBY9710039.1,98.507,335,5,0,1,335,1,335,0.0,665,99.10
lcl|ORF1062_fragment20:36338:35331,HBR7297429.1,98.507,335,5,0,1,335,1,335,0.0,665,99.10
lcl|ORF1062_fragment20:36338:35331,WP_108419090.1,98.507,335,5,0,1,335,1,335,0.0,664,99.10
lcl|ORF1062_fragment20:36338:35331,HBT3041655.1,98.209,335,6,0,1,335,1,335,0.0,664,98.81
lcl|ORF1062_fragment20:36338:35331,HBR7309295.1,98.507,335,5,0,1,335,1,335,0.0,664,98.81
lcl|ORF1062_fragment20:36338:35331,EJC6254543.1,98.507,335,5,0,1,335,1,335,0.0,664,98.81
lcl|ORF1062_fragment20:36338:35331,WP_213200459.1,98.507,335,5,0,1,335,1,335,0.0,664,99.10
lcl|ORF1062_fragment20:36338:35331,WP_049057142.1,98.507,335,5,0,1,335,1,335,0.0,664,98.81
lcl|ORF1062_fragment20:36338:35331,WP_213315849.1,98.507,335,5,0,1,335,1,335,0.0,664,98.81
lcl|ORF1062_fragment20:36338:35331,PMC26621.1,98.507,335,5,0,1,335,1,335,0.0,663,98.81
lcl|ORF1062_fragment20:36338:35331,WP_213317694.1,98.507,335,5,0,1,335,1,335,0.0,663,98.81
lcl|ORF1062_fragment20:36338:35331,WP_108429458.1,98.507,335,5,0,1,335,1,335,0.0,663,98.81
lcl|ORF1062_fragment20:36338:35331,WP_047048185.1,98.507,335,5,0,1,335,1,335,0.0,663,99.10
lcl|ORF1062_fragment20:36338:35331,WP_200782391.1,98.209,335,6,0,1,335,1,335,0.0,663,98.81
lcl|ORF1062_fragment20:36338:35331,WP_047047618.1,98.209,335,6,0,1,335,1,335,0.0,663,99.10
lcl|ORF1062_fragment20:36338:35331,WP_045375227.1,98.209,335,6,0,1,335,1,335,0.0,663,98.81
lcl|ORF1062_fragment20:36338:35331,WP_032715333.1,98.209,335,6,0,1,335,1,335,0.0,662,98.81
lcl|ORF1062_fragment20:36338:35331,WP_047740222.1,98.507,335,5,0,1,335,1,335,0.0,662,98.81
lcl|ORF1062_fragment20:36338:35331,WP_045362973.1,98.209,335,6,0,1,335,1,335,0.0,662,98.81
lcl|ORF1062_fragment20:36338:35331,HBR6954839.1,98.209,335,6,0,1,335,1,335,0.0,662,98.81
lcl|ORF1062_fragment20:36338:35331,WP_222196352.1,97.910,335,7,0,1,335,1,335,0.0,662,98.81
lcl|ORF1062_fragment20:36338:35331,WP_193138415.1,98.209,335,6,0,1,335,1,335,0.0,662,98.81
lcl|ORF1062_fragment20:36338:35331,HBW5538407.1,98.209,335,6,0,1,335,1,335,0.0,661,99.10
lcl|ORF1062_fragment20:36338:35331,HBY1517119.1,97.910,335,7,0,1,335,1,335,0.0,661,98.21
lcl|ORF1062_fragment20:36338:35331,WP_045390550.1,98.209,335,6,0,1,335,1,335,0.0,660,98.51
lcl|ORF1062_fragment20:36338:35331,WP_142974764.1,97.910,335,7,0,1,335,1,335,0.0,660,98.21
lcl|ORF1062_fragment20:36338:35331,WP_108683990.1,97.910,335,7,0,1,335,1,335,0.0,659,98.51
lcl|ORF1062_fragment20:36338:35331,HBQ1807331.1,97.612,335,8,0,1,335,1,335,0.0,658,98.81
lcl|ORF1062_fragment20:36338:35331,WP_151584165.1,97.612,335,8,0,1,335,1,335,0.0,657,98.51
lcl|ORF1062_fragment20:36338:35331,WP_049113157.1,90.149,335,33,0,1,335,1,335,0.0,613,95.22
lcl|ORF1062_fragment20:36338:35331,WP_004126749.1,90.149,335,33,0,1,335,1,335,0.0,613,94.93
lcl|ORF1062_fragment20:36338:35331,WP_154682554.1,89.552,335,35,0,1,335,1,335,0.0,612,95.22
lcl|ORF1062_fragment20:36338:35331,WP_142469257.1,89.851,335,34,0,1,335,1,335,0.0,611,94.93
lcl|ORF1062_fragment20:36338:35331,WP_142447017.1,89.851,335,34,0,1,335,1,335,0.0,611,94.63
lcl|ORF1062_fragment20:36338:35331,WP_182094736.1,90.746,335,30,1,1,335,1,334,0.0,611,94.93
lcl|ORF1062_fragment20:36338:35331,WP_105889375.1,90.448,335,31,1,1,335,1,334,0.0,610,95.22
lcl|ORF1062_fragment20:36338:35331,WP_157262008.1,89.851,335,34,0,1,335,1,335,0.0,610,94.63
lcl|ORF1062_fragment20:36338:35331,WP_087828385.1,89.552,335,35,0,1,335,1,335,0.0,610,94.63
lcl|ORF1062_fragment20:36338:35331,WP_112166071.1,89.851,335,34,0,1,335,1,335,0.0,610,94.63
lcl|ORF1062_fragment20:36338:35331,WP_142474047.1,89.552,335,35,0,1,335,1,335,0.0,610,94.93
lcl|ORF1062_fragment20:36338:35331,WP_170100832.1,89.851,335,34,0,1,335,1,335,0.0,610,94.63
lcl|ORF1062_fragment20:36338:35331,WP_049591460.1,90.448,335,31,1,1,335,1,334,0.0,610,94.93
lcl|ORF1062_fragment20:36338:35331,WP_049090428.1,89.851,335,34,0,1,335,1,335,0.0,610,94.63
lcl|ORF1062_fragment20:36338:35331,WP_101867692.1,89.851,335,34,0,1,335,1,335,0.0,609,94.33
lcl|ORF1062_fragment20:36338:35331,WP_047722808.1,91.045,335,30,0,1,335,1,335,0.0,609,95.52
lcl|ORF1062_fragment20:36338:35331,WP_098141446.1,89.552,335,35,0,1,335,1,335,0.0,608,94.63
lcl|ORF1062_fragment20:36338:35331,WP_221026827.1,89.552,335,35,0,1,335,1,335,0.0,608,94.63
lcl|ORF1062_fragment20:36338:35331,WP_221841970.1,91.045,335,30,0,1,335,1,335,0.0,608,95.22
lcl|ORF1062_fragment20:36338:35331,WP_048262771.1,91.045,335,30,0,1,335,1,335,0.0,608,95.22
lcl|ORF1062_fragment20:36338:35331,WP_195322348.1,89.552,335,35,0,1,335,1,335,0.0,608,94.63
lcl|ORF1062_fragment20:36338:35331,WP_224235037.1,89.851,335,34,0,1,335,1,335,0.0,608,94.33
lcl|ORF1062_fragment20:36338:35331,WP_193133074.1,89.851,335,34,0,1,335,1,335,0.0,608,94.33
lcl|ORF1062_fragment20:36338:35331,WP_016809970.1,90.149,335,32,1,1,335,1,334,0.0,608,94.63
lcl|ORF1062_fragment20:36338:35331,WP_064343347.1,89.552,335,35,0,1,335,1,335,0.0,608,94.33
lcl|ORF1062_fragment20:36338:35331,WP_223035501.1,89.552,335,35,0,1,335,1,335,0.0,608,94.63
lcl|ORF1062_fragment20:36338:35331,WP_024274827.1,90.746,335,31,0,1,335,1,335,0.0,608,95.22
lcl|ORF1062_fragment20:36338:35331,WP_017145218.1,90.746,335,31,0,1,335,1,335,0.0,608,95.52
lcl|ORF1062_fragment20:36338:35331,WP_025107602.1,90.746,335,31,0,1,335,1,335,0.0,607,95.52
lcl|ORF1062_fragment20:36338:35331,WP_023321790.1,90.448,335,32,0,1,335,1,335,0.0,607,95.52
lcl|ORF1063_fragment20:35330:35028,WP_063446521.1,100.000,100,0,0,1,100,1,100,7.56e-65,200,100.00
lcl|ORF1063_fragment20:35330:35028,WP_042893661.1,99.000,100,1,0,1,100,1,100,2.53e-64,199,100.00
lcl|ORF1063_fragment20:35330:35028,WP_047740221.1,98.000,100,2,0,1,100,1,100,8.01e-64,198,100.00
lcl|ORF1063_fragment20:35330:35028,HBV4839369.1,98.000,100,2,0,1,100,1,100,8.65e-64,197,99.00
lcl|ORF1063_fragment20:35330:35028,WP_015369108.1,98.000,100,2,0,1,100,1,100,1.33e-63,197,99.00
lcl|ORF1063_fragment20:35330:35028,HBS6072808.1,97.000,100,3,0,1,100,1,100,1.95e-63,197,99.00
lcl|ORF1063_fragment20:35330:35028,HBV4559174.1,97.000,100,3,0,1,100,1,100,2.17e-63,197,99.00
lcl|ORF1063_fragment20:35330:35028,WP_101705067.1,97.000,100,3,0,1,100,1,100,3.81e-63,196,99.00
lcl|ORF1063_fragment20:35330:35028,WP_101743765.1,97.000,100,3,0,1,100,1,100,4.44e-63,196,99.00
lcl|ORF1063_fragment20:35330:35028,WP_230250283.1,97.000,100,3,0,1,100,1,100,4.85e-63,196,98.00
lcl|ORF1063_fragment20:35330:35028,WP_063416200.1,97.000,100,3,0,1,100,1,100,4.85e-63,196,98.00
lcl|ORF1063_fragment20:35330:35028,WP_205460276.1,97.000,100,3,0,1,100,1,100,5.41e-63,196,98.00
lcl|ORF1063_fragment20:35330:35028,WP_047047615.1,97.000,100,3,0,1,100,1,100,9.06e-63,195,98.00
lcl|ORF1063_fragment20:35330:35028,WP_047066670.1,97.000,100,3,0,1,100,1,100,9.37e-63,195,97.00
lcl|ORF1063_fragment20:35330:35028,WP_032713042.1,97.000,100,3,0,1,100,1,100,1.01e-62,195,98.00
lcl|ORF1063_fragment20:35330:35028,WP_045375225.1,96.000,100,4,0,1,100,1,100,1.14e-62,195,99.00
lcl|ORF1063_fragment20:35330:35028,WP_125992358.1,97.000,100,3,0,1,100,1,100,1.38e-62,195,98.00
lcl|ORF1063_fragment20:35330:35028,WP_047078222.1,96.000,100,4,0,1,100,1,100,1.44e-62,194,97.00
lcl|ORF1063_fragment20:35330:35028,WP_047043174.1,97.000,100,3,0,1,100,1,100,1.49e-62,194,98.00
lcl|ORF1063_fragment20:35330:35028,HBU8524967.1,96.000,100,4,0,1,100,1,100,1.68e-62,194,97.00
lcl|ORF1063_fragment20:35330:35028,WP_045390549.1,97.000,100,3,0,1,100,1,100,1.87e-62,194,98.00
lcl|ORF1063_fragment20:35330:35028,HBW0988563.1,97.000,100,3,0,1,100,1,100,1.89e-62,194,98.00
lcl|ORF1063_fragment20:35330:35028,WP_139397332.1,97.000,100,3,0,1,100,1,100,1.89e-62,194,98.00
lcl|ORF1063_fragment20:35330:35028,WP_213797553.1,96.000,100,4,0,1,100,1,100,1.95e-62,194,98.00
lcl|ORF1063_fragment20:35330:35028,WP_267984906.1,96.970,99,3,0,1,99,1,99,1.98e-62,194,98.99
lcl|ORF1063_fragment20:35330:35028,WP_142974765.1,96.970,99,3,0,1,99,1,99,2.78e-62,194,98.99
lcl|ORF1063_fragment20:35330:35028,WP_116326460.1,97.000,100,3,0,1,100,1,100,3.24e-62,194,98.00
lcl|ORF1063_fragment20:35330:35028,WP_048231447.1,96.970,99,3,0,1,99,1,99,3.61e-62,194,98.99
lcl|ORF1063_fragment20:35330:35028,WP_200144777.1,95.000,100,5,0,1,100,1,100,3.78e-62,194,98.00
lcl|ORF1063_fragment20:35330:35028,WP_200782389.1,95.960,99,4,0,1,99,1,99,8.06e-62,193,98.99
lcl|ORF1063_fragment20:35330:35028,WP_032709440.1,96.000,100,4,0,1,100,1,100,1.25e-61,192,97.00
lcl|ORF1063_fragment20:35330:35028,WP_238984208.1,96.000,100,4,0,1,100,1,100,1.74e-61,192,97.00
lcl|ORF1063_fragment20:35330:35028,HBU9920381.1,95.000,100,5,0,1,100,1,100,1.38e-60,189,96.00
lcl|ORF1063_fragment20:35330:35028,WP_106938568.1,87.368,95,12,0,6,100,2,96,4.75e-53,171,92.63
lcl|ORF1063_fragment20:35330:35028,HCI6407194.1,87.368,95,12,0,6,100,2,96,5.36e-53,170,92.63
lcl|ORF1063_fragment20:35330:35028,HBT4802496.1,86.316,95,13,0,6,100,2,96,6.89e-53,170,92.63
lcl|ORF1063_fragment20:35330:35028,WP_146411039.1,86.316,95,13,0,6,100,2,96,7.12e-53,170,91.58
lcl|ORF1063_fragment20:35330:35028,WP_004205103.1,86.316,95,13,0,6,100,2,96,1.85e-52,169,91.58
lcl|ORF1063_fragment20:35330:35028,EIY4987658.1,86.316,95,13,0,6,100,2,96,2.97e-52,169,91.58
lcl|ORF1063_fragment20:35330:35028,WP_183473316.1,86.316,95,13,0,6,100,2,96,3.78e-52,168,91.58
lcl|ORF1063_fragment20:35330:35028,WP_182971595.1,86.316,95,13,0,6,100,2,96,4.45e-52,168,90.53
lcl|ORF1063_fragment20:35330:35028,WP_214455700.1,85.263,95,14,0,6,100,2,96,5.37e-52,168,90.53
lcl|ORF1063_fragment20:35330:35028,WP_048326065.1,85.263,95,14,0,6,100,2,96,5.61e-52,168,90.53
lcl|ORF1063_fragment20:35330:35028,EIY5080704.1,85.263,95,14,0,6,100,2,96,5.86e-52,168,91.58
lcl|ORF1063_fragment20:35330:35028,WP_259596621.1,85.263,95,14,0,6,100,2,96,7.80e-52,167,90.53
lcl|ORF1063_fragment20:35330:35028,HBV2377879.1,85.263,95,14,0,6,100,2,96,9.40e-52,167,90.53
lcl|ORF1063_fragment20:35330:35028,EIY5223997.1,85.263,95,14,0,6,100,2,96,9.71e-52,167,90.53
lcl|ORF1063_fragment20:35330:35028,WP_080848048.1,85.263,95,14,0,6,100,2,96,3.32e-51,166,90.53
lcl|ORF1063_fragment20:35330:35028,WP_114508518.1,85.263,95,14,0,6,100,2,96,4.82e-51,166,90.53
lcl|ORF1063_fragment20:35330:35028,WP_163446493.1,82.796,93,16,0,6,98,2,94,1.92e-49,161,93.55
lcl|ORF1063_fragment20:35330:35028,WP_052284961.1,81.720,93,17,0,6,98,2,94,1.59e-48,159,92.47
lcl|ORF1063_fragment20:35330:35028,WP_048292390.1,80.000,95,19,0,6,100,2,96,3.45e-48,158,89.47
lcl|ORF1063_fragment20:35330:35028,WP_263040294.1,80.000,95,19,0,6,100,2,96,4.11e-48,158,89.47
lcl|ORF1063_fragment20:35330:35028,WP_060579272.1,80.000,95,19,0,6,100,2,96,4.20e-48,158,89.47
lcl|ORF1063_fragment20:35330:35028,WP_110192626.1,80.000,95,19,0,6,100,2,96,4.44e-48,158,88.42
lcl|ORF1063_fragment20:35330:35028,WP_200533431.1,80.000,95,19,0,6,100,2,96,6.04e-48,157,88.42
lcl|ORF1063_fragment20:35330:35028,WP_064185015.1,78.947,95,20,0,6,100,2,96,6.52e-48,157,89.47
lcl|ORF1063_fragment20:35330:35028,HCA9918599.1,80.000,95,19,0,6,100,2,96,6.67e-48,157,88.42
lcl|ORF1063_fragment20:35330:35028,WP_117049387.1,80.000,95,19,0,6,100,2,96,8.12e-48,157,88.42
lcl|ORF1063_fragment20:35330:35028,WP_004873112.1,80.000,95,19,0,6,100,2,96,8.12e-48,157,88.42
lcl|ORF1063_fragment20:35330:35028,HCC2839068.1,80.000,95,19,0,6,100,2,96,8.30e-48,157,88.42
lcl|ORF1063_fragment20:35330:35028,WP_126479151.1,80.000,95,19,0,6,100,2,96,1.30e-47,157,88.42
lcl|ORF1063_fragment20:35330:35028,PBD39674.1,80.000,95,19,0,6,100,2,96,2.02e-47,156,88.42
lcl|ORF1063_fragment20:35330:35028,WP_122463419.1,81.053,95,18,0,6,100,2,96,2.04e-47,156,87.37
lcl|ORF1063_fragment20:35330:35028,HBS6533083.1,80.000,95,19,0,6,100,2,96,2.16e-47,156,88.42
lcl|ORF1063_fragment20:35330:35028,WP_040215449.1,78.947,95,20,0,6,100,2,96,2.63e-47,156,87.37
lcl|ORF1063_fragment20:35330:35028,WP_101970839.1,80.000,95,19,0,6,100,2,96,2.96e-47,156,88.42
lcl|ORF1063_fragment20:35330:35028,WP_087824942.1,80.000,95,19,0,6,100,2,96,6.46e-47,155,85.26
lcl|ORF1063_fragment20:35330:35028,WP_029669864.1,77.000,100,23,0,1,100,1,100,2.83e-42,143,88.00
lcl|ORF1063_fragment20:35330:35028,WP_265668996.1,79.000,100,21,0,1,100,1,100,3.02e-42,143,88.00
lcl|ORF1063_fragment20:35330:35028,WP_153680070.1,83.158,95,16,0,6,100,2,96,1.99e-41,141,87.37
lcl|ORF1063_fragment20:35330:35028,WP_200483101.1,77.000,100,23,0,1,100,1,100,2.32e-41,141,85.00
lcl|ORF1063_fragment20:35330:35028,HBR1662649.1,82.105,95,17,0,6,100,2,96,2.53e-41,141,89.47
lcl|ORF1063_fragment20:35330:35028,HBR5675055.1,82.105,95,17,0,6,100,2,96,2.62e-41,141,89.47
lcl|ORF1063_fragment20:35330:35028,WP_023340843.1,82.105,95,17,0,6,100,2,96,3.33e-41,140,89.47
lcl|ORF1063_fragment20:35330:35028,WP_242924728.1,81.053,95,18,0,6,100,2,96,3.33e-41,140,88.42
lcl|ORF1063_fragment20:35330:35028,WP_154682555.1,77.000,100,23,0,1,100,1,100,3.76e-41,140,87.00
lcl|ORF1063_fragment20:35330:35028,WP_224235038.1,78.000,100,22,0,1,100,1,100,3.80e-41,140,87.00
lcl|ORF1063_fragment20:35330:35028,WP_117093433.1,81.053,95,18,0,6,100,2,96,4.63e-41,140,89.47
lcl|ORF1063_fragment20:35330:35028,WP_004107000.1,76.000,100,24,0,1,100,1,100,4.68e-41,140,87.00
lcl|ORF1063_fragment20:35330:35028,QPG07862.1,82.105,95,17,0,6,100,2,96,5.52e-41,140,89.47
lcl|ORF1063_fragment20:35330:35028,WP_101998021.1,82.105,95,17,0,6,100,2,96,5.52e-41,140,89.47
lcl|ORF1063_fragment20:35330:35028,WP_048334550.1,81.053,95,18,0,6,100,2,96,5.52e-41,140,89.47
lcl|ORF1063_fragment20:35330:35028,WP_136088323.1,84.211,95,15,0,6,100,2,96,6.03e-41,140,88.42
lcl|ORF1063_fragment20:35330:35028,WP_130967587.1,81.053,95,18,0,6,100,2,96,6.16e-41,140,89.47
lcl|ORF1063_fragment20:35330:35028,WP_139529949.1,77.000,100,23,0,1,100,1,100,6.51e-41,140,85.00
lcl|ORF1063_fragment20:35330:35028,WP_240726151.1,82.105,95,17,0,6,100,2,96,7.59e-41,140,89.47
lcl|ORF1063_fragment20:35330:35028,WP_135724909.1,80.000,95,19,0,6,100,2,96,7.59e-41,140,89.47
lcl|ORF1063_fragment20:35330:35028,WP_004889187.1,81.053,95,18,0,6,100,2,96,7.59e-41,140,89.47
lcl|ORF1063_fragment20:35330:35028,WP_136032171.1,82.105,95,17,0,6,100,2,96,8.10e-41,140,88.42
lcl|ORF1063_fragment20:35330:35028,WP_025713949.1,84.211,95,15,0,6,100,2,96,8.47e-41,139,88.42
lcl|ORF1063_fragment20:35330:35028,WP_146716102.1,81.053,95,18,0,6,100,2,96,8.65e-41,139,89.47
lcl|ORF1063_fragment20:35330:35028,WP_101975788.1,81.053,95,18,0,6,100,2,96,9.04e-41,139,89.47
lcl|ORF1063_fragment20:35330:35028,WP_032445281.1,81.053,95,18,0,6,100,2,96,9.34e-41,139,89.47
lcl|ORF1063_fragment20:35330:35028,WP_004126750.1,76.000,100,24,0,1,100,1,100,9.45e-41,139,85.00
lcl|ORF1063_fragment20:35330:35028,WP_086070982.1,83.158,95,16,0,6,100,2,96,9.76e-41,139,88.42
lcl|ORF1063_fragment20:35330:35028,HBQ5926830.1,80.000,95,19,0,6,100,2,96,1.16e-40,139,89.47
lcl|ORF1063_fragment20:35330:35028,WP_002922965.1,81.053,95,18,0,6,100,2,96,1.16e-40,139,89.47
lcl|ORF1063_fragment20:35330:35028,HBY6514747.1,80.000,95,19,0,6,100,2,96,1.16e-40,139,88.42
lcl|ORF1063_fragment20:35330:35028,MBC2862102.1,81.053,95,18,0,6,100,2,96,1.16e-40,139,89.47
lcl|ORF1066_fragment20:34400:34209,VTN12677.1,66.667,54,18,0,1,54,175,228,6.40e-11,65.5,72.22
lcl|ORF1066_fragment20:34400:34209,CDL52425.1,95.455,22,1,0,33,54,190,211,3.84e-04,47.0,95.45
lcl|ORF1066_fragment20:34400:34209,CAD6173873.1,69.697,33,10,0,18,50,175,207,6.77e-04,46.6,75.76
lcl|ORF1066_fragment20:34400:34209,STI77579.1,66.667,33,11,0,18,50,175,207,0.003,44.7,72.73
lcl|ORF1067_fragment20:34046:33921,STV05797.1,89.655,29,3,0,1,29,276,304,4.86e-09,60.1,100.00
lcl|ORF1067_fragment20:34046:33921,STU99693.1,86.207,29,4,0,1,29,276,304,6.05e-08,57.0,93.10
lcl|ORF1067_fragment20:34046:33921,RMT46194.1,58.537,41,17,0,1,41,279,319,2.63e-05,49.7,73.17
lcl|ORF1067_fragment20:34046:33921,MBA2814106.1,48.780,41,21,0,1,41,78,118,0.004,42.4,60.98
lcl|ORF1068_fragment20:33890:33516,EJK89574.1,80.645,31,6,0,94,124,1,31,6.04e-05,52.4,93.55
lcl|ORF1069_fragment20:33512:33036,EJK89574.1,70.253,158,47,0,1,158,34,191,6.13e-62,209,81.65
lcl|ORF1069_fragment20:33512:33036,KLV81956.1,64.062,64,23,0,5,68,38,101,7.30e-17,81.6,79.69
lcl|ORF1069_fragment20:33512:33036,EGJ76612.1,35.965,114,73,0,4,117,273,386,1.48e-06,58.2,53.51
lcl|ORF1069_fragment20:33512:33036,GHH03112.1,39.423,104,63,0,11,114,93,196,2.21e-06,57.4,51.92
lcl|ORF1069_fragment20:33512:33036,GGR91322.1,40.000,95,57,0,11,105,93,187,4.27e-06,56.6,53.68
lcl|ORF1069_fragment20:33512:33036,KDP70447.1,36.170,94,60,0,24,117,1,94,2.65e-05,53.1,55.32
lcl|ORF1069_fragment20:33512:33036,TQM09328.1,38.298,94,58,0,17,110,99,192,5.06e-05,53.5,53.19
lcl|ORF1069_fragment20:33512:33036,EGJ75413.1,40.000,85,51,0,17,101,163,247,3.00e-04,51.6,57.65
lcl|ORF1069_fragment20:33512:33036,GGV97416.1,36.697,109,68,1,6,114,89,196,3.03e-04,51.2,55.05
lcl|ORF1069_fragment20:33512:33036,TDN60243.1,38.333,60,37,0,10,69,24,83,0.023,43.5,51.67
lcl|ORF1069_fragment20:33512:33036,WP_245797025.1,42.308,52,30,0,17,68,1,52,0.028,43.9,59.62
lcl|ORF1070_fragment20:33002:32877,EJK89574.1,75.000,40,10,0,2,41,205,244,5.12e-12,68.6,85.00
lcl|ORF1071_fragment20:32858:32010,EJK89574.1,70.522,268,79,0,4,271,255,522,4.40e-128,384,83.21
lcl|ORF1071_fragment20:32858:32010,CCT61014.1,33.761,234,146,3,37,267,1,228,1.46e-26,114,51.71
lcl|ORF1071_fragment20:32858:32010,SSM34164.1,66.216,74,25,0,195,268,1,74,9.00e-26,108,82.43
lcl|ORF1071_fragment20:32858:32010,SUV87497.1,32.500,240,159,3,22,259,1,239,1.06e-19,97.8,50.00
lcl|ORF1071_fragment20:32858:32010,CFP64878.1,36.095,169,106,2,92,259,7,174,1.11e-17,90.9,56.21
lcl|ORF1071_fragment20:32858:32010,WP_262854474.1,100.000,34,0,0,249,282,1,34,9.69e-13,73.2,100.00
lcl|ORF1071_fragment20:32858:32010,PDS41351.1,31.746,126,86,0,154,279,23,148,8.62e-11,70.9,52.38
lcl|ORF1071_fragment20:32858:32010,CFO66764.1,35.537,121,77,1,140,259,4,124,1.01e-07,62.4,55.37
lcl|ORF1071_fragment20:32858:32010,AML37912.1,100.000,24,0,0,259,282,1,24,4.10e-05,52.0,100.00
lcl|ORF1071_fragment20:32858:32010,PVF74639.1,91.667,24,2,0,259,282,1,24,6.11e-04,48.5,91.67
lcl|ORF1071_fragment20:32858:32010,WP_242660107.1,51.064,47,23,0,159,205,93,139,0.012,47.0,70.21
lcl|ORF1072_fragment20:32000:31899,AML37912.1,96.970,33,1,0,1,33,29,61,9.21e-14,67.4,100.00
lcl|ORF1072_fragment20:32000:31899,WP_262854474.1,96.970,33,1,0,1,33,39,71,9.27e-14,67.8,100.00
lcl|ORF1072_fragment20:32000:31899,PVF74639.1,90.909,33,3,0,1,33,29,61,6.57e-13,65.5,96.97
lcl|ORF1073_fragment20:31817:31719,VUS86696.1,64.286,28,10,0,5,32,31,58,0.006,40.0,64.29
lcl|ORF1074_fragment20:31694:31509,VTO15612.1,65.957,47,16,0,14,60,83,129,2.17e-08,57.4,76.60
lcl|ORF1074_fragment20:31694:31509,CAE7043148.1,56.250,48,21,0,14,61,83,130,1.39e-05,50.1,66.67
lcl|ORF1075_fragment20:31334:31155,STS78901.1,84.211,19,3,0,1,19,125,143,0.033,41.2,94.74
lcl|ORF1076_fragment20:31154:30891,CSI79151.1,48.684,76,39,0,12,87,7,82,5.37e-09,58.5,60.53
lcl|ORF1076_fragment20:31154:30891,CFO07920.1,45.588,68,37,0,20,87,2,69,1.10e-04,47.0,57.35
lcl|ORF1076_fragment20:31154:30891,CFP66715.1,46.377,69,37,0,7,75,2,70,2.71e-04,46.6,52.17
lcl|ORF1077_fragment20:30794:30471,AML37909.1,98.077,52,1,0,56,107,1,52,7.35e-29,108,100.00
lcl|ORF1077_fragment20:30794:30471,PVF74643.1,96.154,52,2,0,56,107,1,52,2.25e-28,107,100.00
lcl|ORF1077_fragment20:30794:30471,UNB79628.1,71.053,38,11,0,40,77,45,82,5.10e-07,54.3,76.32
lcl|ORF1079_fragment20:29270:29100,MCH2563609.1,34.000,50,33,0,3,52,327,376,0.037,41.6,48.00
lcl|ORF1079_fragment20:29270:29100,GIS11410.1,34.000,50,33,0,3,52,184,233,0.039,41.6,48.00
lcl|ORF1099_fragment20:23303:22887,CSF23563.1,33.735,83,55,0,25,107,6,88,0.011,43.9,48.19
lcl|ORF1101_fragment20:22454:22218,GJK67215.1,55.172,58,26,0,21,78,1,58,1.69e-09,58.5,65.52
lcl|ORF1106_fragment20:20576:19893,WP_148406538.1,85.022,227,34,0,1,227,1,227,3.46e-117,353,89.87
lcl|ORF1106_fragment20:20576:19893,WP_044352471.1,82.819,227,39,0,1,227,1,227,2.27e-115,343,88.55
lcl|ORF1106_fragment20:20576:19893,WP_142131480.1,83.260,227,38,0,1,227,1,227,3.68e-115,348,88.99
lcl|ORF1106_fragment20:20576:19893,WP_064384801.1,83.260,227,38,0,1,227,1,227,4.19e-115,347,88.99
lcl|ORF1106_fragment20:20576:19893,WP_268962290.1,83.260,227,38,0,1,227,1,227,4.19e-115,347,88.99
lcl|ORF1106_fragment20:20576:19893,WP_259752108.1,83.260,227,38,0,1,227,1,227,4.23e-115,347,88.99
lcl|ORF1106_fragment20:20576:19893,WP_104895424.1,83.260,227,38,0,1,227,1,227,4.42e-115,347,88.99
lcl|ORF1106_fragment20:20576:19893,WP_032690226.1,83.260,227,38,0,1,227,1,227,4.67e-115,347,88.99
lcl|ORF1106_fragment20:20576:19893,HAT1574503.1,83.260,227,38,0,1,227,1,227,4.77e-115,347,88.99
lcl|ORF1106_fragment20:20576:19893,WP_152292517.1,83.260,227,38,0,1,227,1,227,5.09e-115,347,88.99
lcl|ORF1106_fragment20:20576:19893,WP_204111612.1,83.260,227,38,0,1,227,1,227,5.50e-115,347,88.99
lcl|ORF1106_fragment20:20576:19893,WP_260990417.1,83.260,227,38,0,1,227,1,227,5.56e-115,347,88.99
lcl|ORF1106_fragment20:20576:19893,WP_004869040.1,83.260,227,38,0,1,227,1,227,5.74e-115,347,88.99
lcl|ORF1106_fragment20:20576:19893,WP_097357977.1,83.260,227,38,0,1,227,1,227,6.33e-115,347,88.99
lcl|ORF1106_fragment20:20576:19893,WP_063446524.1,86.344,227,31,0,1,227,1,227,8.66e-115,344,90.75
lcl|ORF1106_fragment20:20576:19893,WP_226420210.1,85.463,227,33,0,1,227,1,227,8.68e-115,347,90.31
lcl|ORF1106_fragment20:20576:19893,WP_224250398.1,83.772,228,36,1,1,227,1,228,1.63e-114,346,89.04
lcl|ORF1106_fragment20:20576:19893,HAT1610345.1,83.260,227,38,0,1,227,1,227,1.65e-114,346,88.55
lcl|ORF1106_fragment20:20576:19893,WP_048022769.1,82.819,227,39,0,1,227,1,227,1.72e-114,346,88.99
lcl|ORF1106_fragment20:20576:19893,HAT1621206.1,83.260,227,38,0,1,227,1,227,1.80e-114,346,88.55
lcl|ORF1106_fragment20:20576:19893,HAT1689335.1,82.819,227,39,0,1,227,1,227,1.96e-114,346,88.55
lcl|ORF1106_fragment20:20576:19893,WP_088911647.1,82.819,227,39,0,1,227,1,227,2.21e-114,346,88.55
lcl|ORF1106_fragment20:20576:19893,WP_134935715.1,82.819,227,39,0,1,227,1,227,2.31e-114,346,88.55
lcl|ORF1106_fragment20:20576:19893,WP_266199672.1,82.819,227,39,0,1,227,1,227,3.81e-114,345,88.55
lcl|ORF1106_fragment20:20576:19893,WP_049053059.1,86.344,227,31,0,1,227,1,227,7.72e-114,344,91.19
lcl|ORF1106_fragment20:20576:19893,WP_237187766.1,82.819,227,39,0,1,227,1,227,1.02e-113,344,88.55
lcl|ORF1106_fragment20:20576:19893,WP_213797548.1,86.344,227,31,0,1,227,1,227,1.07e-113,344,90.75
lcl|ORF1106_fragment20:20576:19893,WP_047047588.1,86.344,227,31,0,1,227,1,227,1.08e-113,344,90.75
lcl|ORF1106_fragment20:20576:19893,WP_047078228.1,86.344,227,31,0,1,227,1,227,1.09e-113,344,90.75
lcl|ORF1106_fragment20:20576:19893,WP_047066680.1,86.344,227,31,0,1,227,1,227,1.13e-113,344,90.75
lcl|ORF1106_fragment20:20576:19893,WP_063416188.1,86.344,227,31,0,1,227,1,227,1.17e-113,344,90.75
lcl|ORF1106_fragment20:20576:19893,WP_045375208.1,86.344,227,31,0,1,227,1,227,1.21e-113,344,90.75
lcl|ORF1106_fragment20:20576:19893,WP_213703232.1,86.344,227,31,0,1,227,1,227,1.23e-113,344,90.75
lcl|ORF1106_fragment20:20576:19893,WP_238984274.1,86.344,227,31,0,1,227,1,227,1.23e-113,344,90.75
lcl|ORF1106_fragment20:20576:19893,EJG7647316.1,86.344,227,31,0,1,227,1,227,1.30e-113,344,90.75
lcl|ORF1106_fragment20:20576:19893,HBS5719425.1,86.344,227,31,0,1,227,1,227,1.40e-113,343,90.75
lcl|ORF1106_fragment20:20576:19893,WP_126026827.1,86.344,227,31,0,1,227,1,227,1.44e-113,343,90.75
lcl|ORF1106_fragment20:20576:19893,WP_049047596.1,86.344,227,31,0,1,227,1,227,1.44e-113,343,90.75
lcl|ORF1106_fragment20:20576:19893,WP_125992346.1,85.903,227,32,0,1,227,1,227,2.03e-113,343,90.75
lcl|ORF1106_fragment20:20576:19893,WP_230250279.1,85.903,227,32,0,1,227,1,227,2.22e-113,343,90.75
lcl|ORF1106_fragment20:20576:19893,HBQ3219402.1,85.903,227,32,0,1,227,1,227,2.32e-113,343,90.75
lcl|ORF1106_fragment20:20576:19893,HBR6853082.1,85.903,227,32,0,1,227,1,227,2.39e-113,343,90.75
lcl|ORF1106_fragment20:20576:19893,WP_213317688.1,85.903,227,32,0,1,227,1,227,2.47e-113,343,90.75
lcl|ORF1106_fragment20:20576:19893,WP_213198349.1,85.903,227,32,0,1,227,1,227,2.53e-113,343,90.75
lcl|ORF1106_fragment20:20576:19893,HBU8524980.1,85.903,227,32,0,1,227,1,227,2.61e-113,343,90.75
lcl|ORF1106_fragment20:20576:19893,WP_221695112.1,85.903,227,32,0,1,227,1,227,2.70e-113,343,90.75
lcl|ORF1106_fragment20:20576:19893,WP_267984913.1,85.903,227,32,0,1,227,1,227,2.73e-113,343,90.75
lcl|ORF1106_fragment20:20576:19893,WP_101739407.1,85.903,227,32,0,1,227,1,227,2.76e-113,343,90.75
lcl|ORF1106_fragment20:20576:19893,WP_193108003.1,85.903,227,32,0,1,227,1,227,2.85e-113,343,90.75
lcl|ORF1106_fragment20:20576:19893,WP_063407223.1,85.903,227,32,0,1,227,1,227,2.86e-113,343,90.75
lcl|ORF1106_fragment20:20576:19893,WP_058674294.1,85.903,227,32,0,1,227,1,227,2.88e-113,343,90.75
lcl|ORF1106_fragment20:20576:19893,WP_015369093.1,85.903,227,32,0,1,227,1,227,2.91e-113,343,90.75
lcl|ORF1106_fragment20:20576:19893,WP_087858904.1,85.903,227,32,0,1,227,1,227,3.07e-113,343,90.75
lcl|ORF1106_fragment20:20576:19893,HBV3144599.1,85.903,227,32,0,1,227,1,227,3.32e-113,343,90.75
lcl|ORF1106_fragment20:20576:19893,WP_047064503.1,85.903,227,32,0,1,227,1,227,3.35e-113,343,90.75
lcl|ORF1106_fragment20:20576:19893,HBR6965504.1,85.903,227,32,0,1,227,1,227,3.39e-113,343,90.75
lcl|ORF1106_fragment20:20576:19893,WP_101743770.1,85.903,227,32,0,1,227,1,227,3.43e-113,343,90.75
lcl|ORF1106_fragment20:20576:19893,WP_110884097.1,85.903,227,32,0,1,227,1,227,3.62e-113,343,90.75
lcl|ORF1106_fragment20:20576:19893,WP_045390519.1,85.903,227,32,0,1,227,1,227,3.62e-113,343,90.75
lcl|ORF1106_fragment20:20576:19893,WP_259924805.1,85.903,227,32,0,1,227,1,227,3.86e-113,342,90.75
lcl|ORF1106_fragment20:20576:19893,WP_163366022.1,85.463,227,33,0,1,227,1,227,4.35e-113,342,90.75
lcl|ORF1106_fragment20:20576:19893,WP_032715337.1,85.463,227,33,0,1,227,1,227,4.64e-113,342,90.75
lcl|ORF1106_fragment20:20576:19893,WP_229297737.1,85.463,227,33,0,1,227,1,227,5.12e-113,342,90.75
lcl|ORF1106_fragment20:20576:19893,EIV5729302.1,85.903,227,32,0,1,227,1,227,5.35e-113,342,90.31
lcl|ORF1106_fragment20:20576:19893,WP_059304925.1,85.463,227,33,0,1,227,1,227,8.63e-113,342,90.75
lcl|ORF1106_fragment20:20576:19893,WP_201507004.1,85.903,227,32,0,1,227,1,227,9.11e-113,342,90.31
lcl|ORF1106_fragment20:20576:19893,WP_213200454.1,85.841,226,32,0,1,226,1,226,1.21e-112,341,90.71
lcl|ORF1106_fragment20:20576:19893,HBZ8438373.1,85.463,227,33,0,1,227,1,227,1.28e-112,341,90.31
lcl|ORF1106_fragment20:20576:19893,WP_260841987.1,85.463,227,33,0,1,227,1,227,1.30e-112,341,90.31
lcl|ORF1106_fragment20:20576:19893,WP_213193594.1,85.463,227,33,0,1,227,1,227,1.30e-112,341,90.31
lcl|ORF1106_fragment20:20576:19893,HBQ7912239.1,85.463,227,33,0,1,227,1,227,1.39e-112,341,90.31
lcl|ORF1106_fragment20:20576:19893,WP_163359728.1,85.463,227,33,0,1,227,1,227,2.82e-112,340,90.31
lcl|ORF1106_fragment20:20576:19893,WP_200782381.1,85.463,227,33,0,1,227,1,227,3.05e-112,340,89.87
lcl|ORF1106_fragment20:20576:19893,HCD5425861.1,85.463,227,33,0,1,227,1,227,7.51e-112,339,90.31
lcl|ORF1106_fragment20:20576:19893,WP_142465537.1,84.211,228,35,1,1,227,1,228,5.17e-111,333,89.47
lcl|ORF1106_fragment20:20576:19893,MCF6687456.1,84.141,227,36,0,1,227,1,227,2.74e-110,335,89.43
lcl|ORF1106_fragment20:20576:19893,WP_182235353.1,85.088,228,33,1,1,227,1,228,3.59e-110,335,89.47
lcl|ORF1106_fragment20:20576:19893,WP_181484392.1,85.088,228,33,1,1,227,1,228,4.22e-110,335,89.47
lcl|ORF1106_fragment20:20576:19893,PLP22395.1,83.772,228,36,1,1,227,1,228,4.71e-110,325,88.60
lcl|ORF1106_fragment20:20576:19893,WP_112216081.1,85.088,228,33,1,1,227,1,228,5.30e-110,335,89.47
lcl|ORF1106_fragment20:20576:19893,VTN12692.1,84.071,226,36,0,1,226,1,226,6.01e-110,331,89.38
lcl|ORF1106_fragment20:20576:19893,PLL28837.1,84.211,228,35,1,1,227,1,228,7.98e-110,328,89.04
lcl|ORF1106_fragment20:20576:19893,WP_095102534.1,83.260,227,38,0,1,227,1,227,9.99e-110,334,89.43
lcl|ORF1106_fragment20:20576:19893,WP_045853792.1,84.071,226,36,0,1,226,1,226,1.13e-109,334,89.38
lcl|ORF1106_fragment20:20576:19893,WP_159863927.1,84.071,226,36,0,1,226,1,226,1.23e-109,333,89.38
lcl|ORF1106_fragment20:20576:19893,WP_133600221.1,84.071,226,36,0,1,226,1,226,1.25e-109,333,89.38
lcl|ORF1106_fragment20:20576:19893,WP_142464191.1,84.211,228,35,1,1,227,1,228,1.29e-109,333,89.47
lcl|ORF1106_fragment20:20576:19893,WP_241782661.1,84.071,226,36,0,1,226,1,226,1.35e-109,333,89.38
lcl|ORF1106_fragment20:20576:19893,WP_041143283.1,84.071,226,36,0,1,226,1,226,1.37e-109,333,89.38
lcl|ORF1106_fragment20:20576:19893,WP_076946319.1,84.071,226,36,0,1,226,1,226,1.46e-109,333,89.38
lcl|ORF1106_fragment20:20576:19893,WP_142513459.1,84.649,228,34,1,1,227,1,228,2.56e-109,333,89.04
lcl|ORF1106_fragment20:20576:19893,WP_159236654.1,83.628,226,37,0,1,226,1,226,3.56e-109,332,89.38
lcl|ORF1106_fragment20:20576:19893,WP_139538420.1,83.772,228,36,1,1,227,1,228,4.34e-109,332,89.47
lcl|ORF1106_fragment20:20576:19893,HBT0418643.1,83.260,227,38,0,1,227,1,227,4.40e-109,323,87.67
lcl|ORF1106_fragment20:20576:19893,WP_120783654.1,83.260,227,38,0,1,227,1,227,5.87e-109,324,87.67
lcl|ORF1106_fragment20:20576:19893,HBQ5993283.1,84.141,227,36,0,1,227,1,227,6.40e-109,332,88.99
lcl|ORF1106_fragment20:20576:19893,WP_142984136.1,83.772,228,36,1,1,227,1,228,7.76e-109,332,89.47
lcl|ORF1106_fragment20:20576:19893,HBY5675494.1,83.260,227,38,0,1,227,1,227,9.20e-109,324,87.67
lcl|ORF1106_fragment20:20576:19893,WP_087828380.1,83.772,228,36,1,1,227,1,228,1.06e-108,331,89.47
lcl|ORF1106_fragment20:20576:19893,WP_142287692.1,83.260,227,38,0,1,227,1,227,1.22e-108,323,87.67
lcl|ORF1107_fragment20:19847:19083,WP_193108003.1,84.190,253,40,0,1,253,244,496,3.72e-138,407,89.72
lcl|ORF1107_fragment20:19847:19083,WP_103826139.1,84.190,253,40,0,1,253,216,468,3.79e-138,406,89.72
lcl|ORF1107_fragment20:19847:19083,WP_101739407.1,84.190,253,40,0,1,253,244,496,8.42e-138,406,89.72
lcl|ORF1107_fragment20:19847:19083,HCD5425861.1,84.190,253,40,0,1,253,244,496,8.51e-138,406,89.72
lcl|ORF1107_fragment20:19847:19083,HBR6853082.1,84.190,253,40,0,1,253,244,496,8.89e-138,406,89.72
lcl|ORF1107_fragment20:19847:19083,WP_125992346.1,84.190,253,40,0,1,253,244,496,9.19e-138,406,89.72
lcl|ORF1107_fragment20:19847:19083,HBR6965504.1,84.190,253,40,0,1,253,244,496,9.19e-138,406,89.72
lcl|ORF1107_fragment20:19847:19083,WP_201507004.1,84.190,253,40,0,1,253,244,496,9.29e-138,406,89.72
lcl|ORF1107_fragment20:19847:19083,WP_032715337.1,84.190,253,40,0,1,253,244,496,1.02e-137,406,89.72
lcl|ORF1107_fragment20:19847:19083,WP_230250279.1,84.190,253,40,0,1,253,244,496,1.04e-137,406,89.72
lcl|ORF1107_fragment20:19847:19083,WP_015369093.1,84.190,253,40,0,1,253,244,496,1.04e-137,406,89.72
lcl|ORF1107_fragment20:19847:19083,HBZ8438373.1,84.190,253,40,0,1,253,244,496,1.05e-137,406,89.72
lcl|ORF1107_fragment20:19847:19083,WP_059304925.1,84.190,253,40,0,1,253,244,496,1.08e-137,406,89.72
lcl|ORF1107_fragment20:19847:19083,WP_110884097.1,84.190,253,40,0,1,253,244,496,1.13e-137,406,89.72
lcl|ORF1107_fragment20:19847:19083,WP_045390519.1,84.190,253,40,0,1,253,244,496,1.13e-137,406,89.72
lcl|ORF1107_fragment20:19847:19083,HBQ7912239.1,84.190,253,40,0,1,253,244,496,1.13e-137,406,89.72
lcl|ORF1107_fragment20:19847:19083,WP_047064503.1,84.190,253,40,0,1,253,244,496,1.14e-137,406,89.72
lcl|ORF1107_fragment20:19847:19083,WP_267984913.1,84.190,253,40,0,1,253,244,496,1.17e-137,406,89.72
lcl|ORF1107_fragment20:19847:19083,EIV5729302.1,84.190,253,40,0,1,253,244,496,1.18e-137,406,89.72
lcl|ORF1107_fragment20:19847:19083,WP_213200454.1,84.190,253,40,0,1,253,244,496,1.19e-137,406,89.72
lcl|ORF1107_fragment20:19847:19083,WP_260841987.1,84.190,253,40,0,1,253,244,496,1.19e-137,406,89.72
lcl|ORF1107_fragment20:19847:19083,WP_213193594.1,84.190,253,40,0,1,253,244,496,1.19e-137,406,89.72
lcl|ORF1107_fragment20:19847:19083,WP_045375208.1,84.190,253,40,0,1,253,244,496,1.30e-137,406,89.72
lcl|ORF1107_fragment20:19847:19083,WP_226420210.1,84.190,253,40,0,1,253,244,496,1.42e-137,406,89.72
lcl|ORF1107_fragment20:19847:19083,WP_163359728.1,84.190,253,40,0,1,253,244,496,1.52e-137,406,89.72
lcl|ORF1107_fragment20:19847:19083,WP_163366022.1,84.190,253,40,0,1,253,244,496,1.66e-137,406,89.72
lcl|ORF1107_fragment20:19847:19083,WP_259924805.1,84.190,253,40,0,1,253,244,496,1.77e-137,405,89.33
lcl|ORF1107_fragment20:19847:19083,WP_148406538.1,84.190,253,40,0,1,253,244,496,2.08e-137,405,89.72
lcl|ORF1107_fragment20:19847:19083,WP_221695112.1,83.794,253,41,0,1,253,244,496,3.79e-137,405,89.72
lcl|ORF1107_fragment20:19847:19083,WP_058674294.1,83.794,253,41,0,1,253,244,496,4.09e-137,405,89.72
lcl|ORF1107_fragment20:19847:19083,WP_047047588.1,83.794,253,41,0,1,253,244,496,4.32e-137,405,89.72
lcl|ORF1107_fragment20:19847:19083,WP_101743770.1,83.794,253,41,0,1,253,244,496,4.37e-137,405,89.72
lcl|ORF1107_fragment20:19847:19083,EJG7647316.1,83.794,253,41,0,1,253,244,496,5.03e-137,404,89.33
lcl|ORF1107_fragment20:19847:19083,WP_126026827.1,83.794,253,41,0,1,253,244,496,5.49e-137,404,89.72
lcl|ORF1107_fragment20:19847:19083,WP_049047596.1,83.794,253,41,0,1,253,244,496,5.49e-137,404,89.72
lcl|ORF1107_fragment20:19847:19083,WP_047078228.1,83.794,253,41,0,1,253,244,496,5.80e-137,404,89.33
lcl|ORF1107_fragment20:19847:19083,WP_047066680.1,83.399,253,42,0,1,253,244,496,8.97e-137,404,89.72
lcl|ORF1107_fragment20:19847:19083,HBS5719425.1,83.794,253,41,0,1,253,244,496,9.27e-137,404,89.33
lcl|ORF1107_fragment20:19847:19083,HBV3144599.1,83.794,253,41,0,1,253,244,496,9.90e-137,404,89.33
lcl|ORF1107_fragment20:19847:19083,WP_213797548.1,83.399,253,42,0,1,253,244,496,1.03e-136,404,89.72
lcl|ORF1107_fragment20:19847:19083,WP_213198349.1,83.794,253,41,0,1,253,244,496,1.06e-136,404,89.33
lcl|ORF1107_fragment20:19847:19083,HBQ2551729.1,83.399,253,42,0,1,253,244,496,1.09e-136,404,89.72
lcl|ORF1107_fragment20:19847:19083,WP_200782381.1,83.794,253,41,0,1,253,244,496,1.19e-136,404,89.33
lcl|ORF1107_fragment20:19847:19083,HBQ3219402.1,83.794,253,41,0,1,253,244,496,1.39e-136,403,89.72
lcl|ORF1107_fragment20:19847:19083,WP_087858904.1,83.399,253,42,0,1,253,244,496,1.53e-136,403,89.33
lcl|ORF1107_fragment20:19847:19083,HBU8524980.1,83.794,253,41,0,1,253,244,496,1.62e-136,403,89.33
lcl|ORF1107_fragment20:19847:19083,WP_213703232.1,83.794,253,41,0,1,253,244,496,1.80e-136,403,89.33
lcl|ORF1107_fragment20:19847:19083,WP_238984274.1,83.794,253,41,0,1,253,244,496,1.80e-136,403,89.33
lcl|ORF1107_fragment20:19847:19083,WP_063416188.1,83.004,253,43,0,1,253,244,496,6.89e-136,402,89.33
lcl|ORF1107_fragment20:19847:19083,WP_213317688.1,83.399,253,42,0,1,253,244,496,8.03e-136,401,89.33
lcl|ORF1107_fragment20:19847:19083,HBX9989581.1,82.937,252,43,0,1,252,244,495,1.38e-134,398,88.49
lcl|ORF1107_fragment20:19847:19083,WP_110216465.1,82.937,252,43,0,1,252,244,495,1.70e-134,398,88.49
lcl|ORF1107_fragment20:19847:19083,STV10161.1,79.762,252,51,0,1,252,3,254,1.90e-133,386,88.10
lcl|ORF1107_fragment20:19847:19083,WP_120783647.1,80.000,250,50,0,3,252,1,250,1.19e-132,384,88.00
lcl|ORF1107_fragment20:19847:19083,WP_048333227.1,79.762,252,51,0,1,252,14,265,1.73e-132,384,88.10
lcl|ORF1107_fragment20:19847:19083,WP_232657019.1,80.952,252,48,0,1,252,244,495,7.27e-132,391,88.49
lcl|ORF1107_fragment20:19847:19083,MCL7673459.1,79.762,252,51,0,1,252,31,282,7.40e-132,384,88.10
lcl|ORF1107_fragment20:19847:19083,CAI3911848.1,79.762,252,51,0,1,252,35,286,9.10e-132,384,88.10
lcl|ORF1107_fragment20:19847:19083,WP_111460010.1,80.952,252,48,0,1,252,244,495,9.34e-132,391,88.49
lcl|ORF1107_fragment20:19847:19083,WP_131035972.1,80.952,252,48,0,1,252,244,495,1.21e-131,391,88.49
lcl|ORF1107_fragment20:19847:19083,HCC2264248.1,80.952,252,48,0,1,252,244,495,1.29e-131,391,88.49
lcl|ORF1107_fragment20:19847:19083,WP_086512129.1,80.952,252,48,0,1,252,244,495,1.37e-131,390,88.49
lcl|ORF1107_fragment20:19847:19083,PLN92419.1,80.159,252,50,0,1,252,152,403,1.42e-131,387,88.49
lcl|ORF1107_fragment20:19847:19083,WP_265004110.1,80.952,252,48,0,1,252,244,495,1.46e-131,390,88.49
lcl|ORF1107_fragment20:19847:19083,HBX3685652.1,79.365,252,52,0,1,252,22,273,1.46e-131,382,87.70
lcl|ORF1107_fragment20:19847:19083,HBY5911237.1,79.365,252,52,0,1,252,18,269,1.53e-131,382,88.10
lcl|ORF1107_fragment20:19847:19083,WP_129765519.1,80.952,252,48,0,1,252,244,495,1.56e-131,390,88.49
lcl|ORF1107_fragment20:19847:19083,CAF2631289.1,79.762,252,51,0,1,252,61,312,2.04e-131,384,88.10
lcl|ORF1107_fragment20:19847:19083,WP_048975172.1,80.952,252,48,0,1,252,244,495,2.26e-131,390,88.10
lcl|ORF1107_fragment20:19847:19083,HBS3521015.1,80.556,252,49,0,1,252,244,495,2.57e-131,390,88.49
lcl|ORF1107_fragment20:19847:19083,HCC2045506.1,80.556,252,49,0,1,252,244,495,3.06e-131,390,88.49
lcl|ORF1107_fragment20:19847:19083,WP_039102659.1,80.952,252,48,0,1,252,244,495,3.10e-131,390,88.10
lcl|ORF1107_fragment20:19847:19083,WP_163621772.1,80.952,252,48,0,1,252,244,495,3.16e-131,390,88.10
lcl|ORF1107_fragment20:19847:19083,WP_080930154.1,80.556,252,49,0,1,252,244,495,3.20e-131,390,88.49
lcl|ORF1107_fragment20:19847:19083,WP_240730537.1,80.952,252,48,0,1,252,244,495,3.45e-131,390,88.10
lcl|ORF1107_fragment20:19847:19083,HCF6489829.1,80.952,252,48,0,1,252,244,495,3.49e-131,390,88.10
lcl|ORF1107_fragment20:19847:19083,WP_049156179.1,80.556,252,49,0,1,252,244,495,3.61e-131,390,88.49
lcl|ORF1107_fragment20:19847:19083,WP_082227805.1,80.952,252,48,0,1,252,244,495,4.02e-131,389,88.10
lcl|ORF1107_fragment20:19847:19083,WP_101856419.1,80.556,252,49,0,1,252,244,495,4.39e-131,389,88.49
lcl|ORF1107_fragment20:19847:19083,WP_048981836.1,79.762,252,51,0,1,252,78,329,4.89e-131,383,88.10
lcl|ORF1107_fragment20:19847:19083,STS87138.1,80.159,252,50,0,1,252,93,344,5.01e-131,384,87.70
lcl|ORF1107_fragment20:19847:19083,WP_200783992.1,80.556,252,49,0,1,252,244,495,5.52e-131,389,88.49
lcl|ORF1107_fragment20:19847:19083,WP_135714360.1,80.556,252,49,0,1,252,244,495,5.64e-131,389,88.49
lcl|ORF1107_fragment20:19847:19083,WP_108458166.1,80.159,252,50,0,1,252,244,495,6.49e-131,389,88.49
lcl|ORF1107_fragment20:19847:19083,WP_085844522.1,79.762,252,51,0,1,252,81,332,6.61e-131,383,88.10
lcl|ORF1107_fragment20:19847:19083,HBT4749125.1,80.237,253,50,0,1,253,244,496,7.56e-131,389,88.54
lcl|ORF1107_fragment20:19847:19083,WP_116696412.1,80.556,252,49,0,1,252,244,495,7.65e-131,389,88.49
lcl|ORF1107_fragment20:19847:19083,HBX8398574.1,79.762,252,51,0,1,252,97,348,8.15e-131,383,88.10
lcl|ORF1107_fragment20:19847:19083,WP_101997332.1,79.762,252,51,0,1,252,146,397,8.67e-131,385,88.49
lcl|ORF1107_fragment20:19847:19083,WP_064180877.1,80.556,252,49,0,1,252,244,495,9.01e-131,389,88.10
lcl|ORF1107_fragment20:19847:19083,HCI8806577.1,80.159,252,50,0,1,252,220,471,9.28e-131,388,88.49
lcl|ORF1107_fragment20:19847:19083,HCB2546814.1,79.762,252,51,0,1,252,98,349,1.02e-130,383,88.10
lcl|ORF1107_fragment20:19847:19083,WP_259072639.1,80.556,252,49,0,1,252,244,495,1.04e-130,389,88.10
lcl|ORF1107_fragment20:19847:19083,WP_218799618.1,81.349,252,47,0,1,252,244,495,1.07e-130,389,87.70
lcl|ORF1107_fragment20:19847:19083,HBV6412846.1,80.159,252,50,0,1,252,244,495,1.07e-130,389,88.49
lcl|ORF1107_fragment20:19847:19083,STV66100.1,79.762,252,51,0,1,252,93,344,1.34e-130,383,88.10
lcl|ORF1107_fragment20:19847:19083,WP_194394872.1,80.159,252,50,0,1,252,244,495,1.44e-130,388,88.49
lcl|ORF1107_fragment20:19847:19083,WP_230542650.1,79.762,252,51,0,1,252,109,360,1.46e-130,383,88.10
lcl|ORF1107_fragment20:19847:19083,HBX9901388.1,79.762,252,51,0,1,252,110,361,1.55e-130,383,88.10
lcl|ORF1107_fragment20:19847:19083,WP_224359779.1,80.159,252,50,0,1,252,224,475,1.65e-130,387,88.49
lcl|ORF1109_fragment20:18839:18762,WP_102063462.1,72.000,25,7,0,1,25,469,493,0.004,42.4,84.00
lcl|ORF1112_fragment20:18341:17937,CDL51489.1,65.278,72,25,0,30,101,5,76,7.57e-18,82.4,72.22
lcl|ORF1112_fragment20:18341:17937,KNC90792.1,50.617,81,40,0,9,89,67,147,1.23e-12,71.2,67.90
lcl|ORF1114_fragment20:17639:17319,STS93987.1,64.912,57,20,0,1,57,146,202,8.02e-13,72.0,77.19
lcl|ORF1126_fragment20:14321:14046,WP_161799866.1,87.912,91,11,0,1,91,1,91,3.17e-49,160,90.11
lcl|ORF1126_fragment20:14321:14046,WP_230250296.1,87.912,91,11,0,1,91,1,91,6.40e-49,159,90.11
lcl|ORF1126_fragment20:14321:14046,AEG96281.1,87.912,91,11,0,1,91,6,96,6.46e-49,160,90.11
lcl|ORF1126_fragment20:14321:14046,WP_161801963.1,86.813,91,12,0,1,91,1,91,1.49e-48,159,89.01
lcl|ORF1126_fragment20:14321:14046,WP_165798588.1,86.813,91,12,0,1,91,1,91,1.52e-48,159,89.01
lcl|ORF1126_fragment20:14321:14046,HBQ7844643.1,86.813,91,12,0,1,91,1,91,1.52e-48,159,89.01
lcl|ORF1126_fragment20:14321:14046,AKK82659.1,86.813,91,12,0,1,91,6,96,2.58e-48,158,89.01
lcl|ORF1126_fragment20:14321:14046,EIW9478744.1,86.813,91,12,0,1,91,6,96,3.28e-48,158,89.01
lcl|ORF1126_fragment20:14321:14046,WP_161798758.1,86.813,91,12,0,1,91,1,91,5.04e-48,157,89.01
lcl|ORF1126_fragment20:14321:14046,WP_182941282.1,86.813,91,12,0,1,91,1,91,6.07e-48,157,89.01
lcl|ORF1126_fragment20:14321:14046,WP_234293359.1,86.813,91,12,0,1,91,1,91,7.56e-48,157,89.01
lcl|ORF1126_fragment20:14321:14046,AMH10033.1,86.813,91,12,0,1,91,6,96,9.72e-48,157,89.01
lcl|ORF1126_fragment20:14321:14046,BBS09958.1,86.813,91,12,0,1,91,6,96,1.00e-47,157,89.01
lcl|ORF1126_fragment20:14321:14046,WP_213378160.1,87.640,89,11,0,1,89,1,89,1.27e-47,156,89.89
lcl|ORF1126_fragment20:14321:14046,WP_163351166.1,85.714,91,13,0,1,91,1,91,2.45e-47,155,87.91
lcl|ORF1126_fragment20:14321:14046,KLF70145.1,85.714,91,13,0,1,91,6,96,4.93e-47,155,87.91
lcl|ORF1126_fragment20:14321:14046,EIW8580163.1,85.714,91,13,0,1,91,1,91,9.76e-47,154,87.91
lcl|ORF1126_fragment20:14321:14046,MCF6687468.1,76.923,91,21,0,1,91,1,91,4.89e-42,142,84.62
lcl|ORF1126_fragment20:14321:14046,VDR23785.1,76.923,91,21,0,1,91,6,96,1.21e-41,141,84.62
lcl|ORF1126_fragment20:14321:14046,WP_161795661.1,75.824,91,22,0,1,91,1,91,8.57e-41,139,83.52
lcl|ORF1126_fragment20:14321:14046,WP_167324217.1,75.556,90,22,0,1,90,1,90,8.97e-40,136,82.22
lcl|ORF1126_fragment20:14321:14046,HCR57375.1,75.824,91,22,0,1,91,6,96,1.24e-39,136,82.42
lcl|ORF1126_fragment20:14321:14046,WP_162098187.1,76.404,89,21,0,1,89,1,89,1.30e-39,136,83.15
lcl|ORF1126_fragment20:14321:14046,HAT1613458.1,74.444,90,23,0,1,90,1,90,1.38e-39,136,82.22
lcl|ORF1126_fragment20:14321:14046,WP_174509662.1,73.626,91,24,0,1,91,1,91,3.10e-39,135,81.32
lcl|ORF1126_fragment20:14321:14046,WP_187043071.1,73.626,91,24,0,1,91,1,91,4.03e-39,135,81.32
lcl|ORF1126_fragment20:14321:14046,WP_165926683.1,75.281,89,22,0,1,89,1,89,4.91e-39,134,83.15
lcl|ORF1126_fragment20:14321:14046,WP_175284553.1,74.725,91,23,0,1,91,1,91,5.92e-39,134,81.32
lcl|ORF1126_fragment20:14321:14046,WP_162769256.1,74.444,90,23,0,1,90,1,90,6.75e-39,134,81.11
lcl|ORF1126_fragment20:14321:14046,WP_165905710.1,74.725,91,23,0,1,91,1,91,7.62e-39,134,80.22
lcl|ORF1126_fragment20:14321:14046,EJO2881025.1,74.725,91,23,0,1,91,1,91,8.69e-39,134,81.32
lcl|ORF1126_fragment20:14321:14046,WP_160873538.1,75.281,89,22,0,1,89,1,89,9.08e-39,134,82.02
lcl|ORF1126_fragment20:14321:14046,AGJ88493.1,74.444,90,23,0,1,90,6,95,1.03e-38,134,82.22
lcl|ORF1126_fragment20:14321:14046,ESM61653.1,74.725,91,23,0,1,91,6,96,1.15e-38,134,81.32
lcl|ORF1126_fragment20:14321:14046,WP_189339902.1,72.527,91,25,0,1,91,1,91,1.35e-38,133,83.52
lcl|ORF1126_fragment20:14321:14046,WP_160704465.1,75.281,89,22,0,1,89,1,89,1.41e-38,134,82.02
lcl|ORF1126_fragment20:14321:14046,ANZ08409.1,75.281,89,22,0,1,89,6,94,1.42e-38,134,83.15
lcl|ORF1126_fragment20:14321:14046,WP_181400448.1,74.725,91,23,0,1,91,1,91,2.02e-38,133,81.32
lcl|ORF1126_fragment20:14321:14046,HAT1610356.1,74.157,89,23,0,1,89,1,89,2.44e-38,133,82.02
lcl|ORF1126_fragment20:14321:14046,MBW5964909.1,74.725,91,23,0,1,91,6,96,3.37e-38,132,81.32
lcl|ORF1126_fragment20:14321:14046,WP_123757054.1,72.527,91,25,0,1,91,6,96,3.68e-38,132,81.32
lcl|ORF1126_fragment20:14321:14046,WP_074185326.1,74.725,91,23,0,1,91,1,91,4.71e-38,132,81.32
lcl|ORF1126_fragment20:14321:14046,WP_180807919.1,74.725,91,23,0,1,91,1,91,4.97e-38,132,80.22
lcl|ORF1126_fragment20:14321:14046,MVT04667.1,72.527,91,25,0,1,91,6,96,5.58e-38,132,83.52
lcl|ORF1126_fragment20:14321:14046,AUV51506.1,74.157,89,23,0,1,89,6,94,5.64e-38,132,83.15
lcl|ORF1126_fragment20:14321:14046,WP_181958956.1,73.626,91,24,0,1,91,1,91,6.06e-38,132,80.22
lcl|ORF1126_fragment20:14321:14046,WP_044350974.1,73.333,90,24,0,1,90,6,95,7.34e-38,132,81.11
lcl|ORF1126_fragment20:14321:14046,TCW14187.1,73.626,91,24,0,1,91,6,96,7.51e-38,132,80.22
lcl|ORF1126_fragment20:14321:14046,WP_259117725.1,73.626,91,24,0,1,91,1,91,8.42e-38,131,80.22
lcl|ORF1126_fragment20:14321:14046,WP_260768566.1,73.626,91,24,0,1,91,1,91,8.60e-38,131,80.22
lcl|ORF1126_fragment20:14321:14046,OAA09954.1,74.725,91,23,0,1,91,6,96,9.04e-38,131,81.32
lcl|ORF1126_fragment20:14321:14046,WP_032718427.1,74.157,89,23,0,1,89,6,94,9.24e-38,131,82.02
lcl|ORF1126_fragment20:14321:14046,PLM19350.1,74.725,91,23,0,1,91,6,96,9.35e-38,131,80.22
lcl|ORF1126_fragment20:14321:14046,GKL44280.1,73.626,91,24,0,1,91,6,96,9.35e-38,131,80.22
lcl|ORF1126_fragment20:14321:14046,WP_162180059.1,74.157,89,23,0,1,89,1,89,9.60e-38,131,82.02
lcl|ORF1126_fragment20:14321:14046,WP_181937800.1,73.626,91,24,0,1,91,1,91,9.71e-38,131,80.22
lcl|ORF1126_fragment20:14321:14046,MBC2862108.1,73.626,91,24,0,1,91,1,91,9.92e-38,131,80.22
lcl|ORF1126_fragment20:14321:14046,HBR1126518.1,73.626,91,24,0,1,91,1,91,1.01e-37,131,80.22
lcl|ORF1126_fragment20:14321:14046,WP_217049150.1,73.626,91,24,0,1,91,1,91,1.01e-37,131,80.22
lcl|ORF1126_fragment20:14321:14046,WP_168434874.1,73.626,91,24,0,1,91,1,91,1.13e-37,131,80.22
lcl|ORF1126_fragment20:14321:14046,WP_167876598.1,73.626,91,24,0,1,91,1,91,1.18e-37,131,80.22
lcl|ORF1126_fragment20:14321:14046,WP_004145033.1,73.626,91,24,0,1,91,1,91,1.22e-37,131,80.22
lcl|ORF1126_fragment20:14321:14046,WP_161953341.1,73.626,91,24,0,1,91,1,91,1.29e-37,131,80.22
lcl|ORF1126_fragment20:14321:14046,WP_074449044.1,73.626,91,24,0,1,91,1,91,1.29e-37,131,80.22
lcl|ORF1126_fragment20:14321:14046,HCA9542559.1,73.626,91,24,0,1,91,1,91,1.31e-37,131,80.22
lcl|ORF1126_fragment20:14321:14046,MBD3704198.1,73.626,91,24,0,1,91,1,91,1.36e-37,131,80.22
lcl|ORF1126_fragment20:14321:14046,WP_162498843.1,73.626,91,24,0,1,91,1,91,1.38e-37,131,80.22
lcl|ORF1126_fragment20:14321:14046,HBR3992743.1,73.626,91,24,0,1,91,1,91,1.41e-37,131,80.22
lcl|ORF1126_fragment20:14321:14046,HBY0334903.1,73.626,91,24,0,1,91,6,96,1.43e-37,131,80.22
lcl|ORF1126_fragment20:14321:14046,WP_100686376.1,74.157,89,23,0,1,89,6,94,1.47e-37,131,82.02
lcl|ORF1126_fragment20:14321:14046,HBY6900036.1,73.626,91,24,0,1,91,6,96,1.57e-37,131,80.22
lcl|ORF1126_fragment20:14321:14046,WP_179207760.1,73.626,91,24,0,1,91,1,91,1.59e-37,130,80.22
lcl|ORF1126_fragment20:14321:14046,QEP91769.1,73.626,91,24,0,1,91,6,96,1.79e-37,131,80.22
lcl|ORF1126_fragment20:14321:14046,VVK85955.1,73.626,91,24,0,1,91,6,96,1.82e-37,130,80.22
lcl|ORF1126_fragment20:14321:14046,EIW9265487.1,73.626,91,24,0,1,91,6,96,1.87e-37,130,80.22
lcl|ORF1126_fragment20:14321:14046,WP_167875609.1,72.527,91,25,0,1,91,1,91,1.94e-37,130,80.22
lcl|ORF1126_fragment20:14321:14046,WP_170933332.1,73.626,91,24,0,1,91,1,91,2.00e-37,130,80.22
lcl|ORF1126_fragment20:14321:14046,CEL79490.1,73.626,91,24,0,1,91,6,96,2.01e-37,130,80.22
lcl|ORF1126_fragment20:14321:14046,WP_187114539.1,72.527,91,25,0,1,91,1,91,2.07e-37,130,80.22
lcl|ORF1126_fragment20:14321:14046,WP_188042490.1,72.527,91,25,0,1,91,1,91,2.07e-37,130,80.22
lcl|ORF1126_fragment20:14321:14046,SXK69679.1,73.626,91,24,0,1,91,6,96,2.13e-37,130,80.22
lcl|ORF1126_fragment20:14321:14046,WP_181403123.1,73.626,91,24,0,1,91,1,91,2.26e-37,130,80.22
lcl|ORF1126_fragment20:14321:14046,VGG14574.1,73.626,91,24,0,1,91,6,96,2.32e-37,130,80.22
lcl|ORF1126_fragment20:14321:14046,QGV88217.1,73.626,91,24,0,1,91,6,96,2.37e-37,130,80.22
lcl|ORF1126_fragment20:14321:14046,UMZ02056.1,73.626,91,24,0,1,91,6,96,2.40e-37,130,80.22
lcl|ORF1126_fragment20:14321:14046,WP_185775142.1,72.527,91,25,0,1,91,1,91,2.44e-37,130,80.22
lcl|ORF1126_fragment20:14321:14046,WP_002923120.1,73.626,91,24,0,1,91,6,96,2.45e-37,130,80.22
lcl|ORF1126_fragment20:14321:14046,AXZ15647.1,73.626,91,24,0,1,91,6,96,2.56e-37,130,80.22
lcl|ORF1126_fragment20:14321:14046,WP_181403097.1,72.527,91,25,0,1,91,1,91,2.61e-37,130,79.12
lcl|ORF1126_fragment20:14321:14046,WP_164673327.1,74.157,89,23,0,1,89,1,89,2.69e-37,130,80.90
lcl|ORF1126_fragment20:14321:14046,HBX5500648.1,73.626,91,24,0,1,91,6,96,2.71e-37,130,80.22
lcl|ORF1126_fragment20:14321:14046,RRF18094.1,73.626,91,24,0,1,91,6,96,2.83e-37,130,80.22
lcl|ORF1126_fragment20:14321:14046,OUY52161.1,73.626,91,24,0,1,91,6,96,2.86e-37,130,80.22
lcl|ORF1126_fragment20:14321:14046,WP_172881776.1,73.626,91,24,0,1,91,1,91,2.91e-37,130,80.22
lcl|ORF1126_fragment20:14321:14046,WP_224440777.1,73.626,91,24,0,1,91,1,91,2.94e-37,130,80.22
lcl|ORF1126_fragment20:14321:14046,WP_167879592.1,73.626,91,24,0,1,91,1,91,2.94e-37,130,80.22
lcl|ORF1126_fragment20:14321:14046,WP_201184308.1,72.527,91,25,0,1,91,1,91,2.94e-37,130,80.22
lcl|ORF1126_fragment20:14321:14046,WP_165473754.1,73.626,91,24,0,1,91,1,91,3.04e-37,130,80.22
lcl|ORF1126_fragment20:14321:14046,QGV97414.1,73.626,91,24,0,1,91,6,96,3.09e-37,130,80.22
lcl|ORF1126_fragment20:14321:14046,OYJ96034.1,73.626,91,24,0,1,91,6,96,3.56e-37,130,80.22
lcl|ORF1133_fragment20:12446:12195,STT00253.1,82.051,78,14,0,6,83,1,78,1.18e-38,133,91.03
lcl|ORF1133_fragment20:12446:12195,STU86621.1,82.051,78,14,0,6,83,1,78,1.23e-38,134,91.03
lcl|ORF1133_fragment20:12446:12195,HBT7797979.1,82.051,78,14,0,6,83,1,78,1.28e-38,133,91.03
lcl|ORF1133_fragment20:12446:12195,VFS70559.1,83.333,78,13,0,6,83,1,78,1.31e-38,135,92.31
lcl|ORF1133_fragment20:12446:12195,MBO2889094.1,82.051,78,14,0,6,83,1,78,1.40e-38,133,91.03
lcl|ORF1133_fragment20:12446:12195,STT82810.1,79.012,81,17,0,1,81,104,184,1.45e-38,136,90.12
lcl|ORF1133_fragment20:12446:12195,MBN0683122.1,82.051,78,14,0,6,83,1,78,1.54e-38,133,91.03
lcl|ORF1133_fragment20:12446:12195,EDL2203931.1,82.051,78,14,0,6,83,1,78,1.61e-38,133,91.03
lcl|ORF1133_fragment20:12446:12195,CDL11645.1,82.051,78,14,0,6,83,1,78,1.62e-38,134,91.03
lcl|ORF1133_fragment20:12446:12195,PLN52612.1,82.051,78,14,0,6,83,1,78,1.87e-38,133,91.03
lcl|ORF1133_fragment20:12446:12195,WP_162629902.1,82.051,78,14,0,6,83,1,78,2.26e-38,133,91.03
lcl|ORF1133_fragment20:12446:12195,MBZ4240988.1,82.051,78,14,0,6,83,1,78,3.27e-38,133,91.03
lcl|ORF1133_fragment20:12446:12195,MBN0903438.1,82.051,78,14,0,6,83,1,78,3.33e-38,133,91.03
lcl|ORF1133_fragment20:12446:12195,MBN0871537.1,82.051,78,14,0,6,83,1,78,3.71e-38,133,91.03
lcl|ORF1133_fragment20:12446:12195,PLP41074.1,82.051,78,14,0,6,83,1,78,3.76e-38,132,91.03
lcl|ORF1133_fragment20:12446:12195,WP_136071175.1,82.051,78,14,0,6,83,1,78,4.06e-38,133,91.03
lcl|ORF1133_fragment20:12446:12195,MBQ4755319.1,82.051,78,14,0,6,83,1,78,4.11e-38,134,91.03
lcl|ORF1133_fragment20:12446:12195,WP_131725892.1,82.051,78,14,0,6,83,1,78,5.20e-38,133,91.03
lcl|ORF1133_fragment20:12446:12195,MBN0787440.1,82.051,78,14,0,6,83,1,78,5.43e-38,134,91.03
lcl|ORF1133_fragment20:12446:12195,STV20226.1,79.518,83,17,0,1,83,105,187,6.74e-38,142,90.36
lcl|ORF1133_fragment20:12446:12195,STW11303.1,82.051,78,14,0,6,83,1,78,6.97e-38,135,91.03
lcl|ORF1133_fragment20:12446:12195,KGB09767.1,84.615,78,12,0,6,83,1,78,8.26e-38,139,92.31
lcl|ORF1133_fragment20:12446:12195,CDL15763.1,82.051,78,14,0,6,83,1,78,8.38e-38,133,91.03
lcl|ORF1133_fragment20:12446:12195,WP_140399737.1,82.051,78,14,0,6,83,1,78,8.54e-38,134,91.03
lcl|ORF1133_fragment20:12446:12195,PLL17550.1,82.051,78,14,0,6,83,1,78,9.20e-38,134,91.03
lcl|ORF1133_fragment20:12446:12195,WP_143453468.1,82.051,78,14,0,6,83,1,78,9.91e-38,134,91.03
lcl|ORF1133_fragment20:12446:12195,RCJ92707.1,82.051,78,14,0,6,83,1,78,1.31e-37,134,91.03
lcl|ORF1133_fragment20:12446:12195,MBN0502236.1,81.818,77,14,0,6,82,1,77,1.33e-37,130,90.91
lcl|ORF1133_fragment20:12446:12195,WP_262854476.1,84.615,78,12,0,6,83,1,78,1.37e-37,139,92.31
lcl|ORF1133_fragment20:12446:12195,WP_213292918.1,84.615,78,12,0,6,83,1,78,1.39e-37,140,92.31
lcl|ORF1133_fragment20:12446:12195,HBW2225929.1,84.615,78,12,0,6,83,1,78,1.43e-37,140,92.31
lcl|ORF1133_fragment20:12446:12195,WP_047047579.1,84.615,78,12,0,6,83,1,78,1.58e-37,140,92.31
lcl|ORF1133_fragment20:12446:12195,PLP18201.1,82.051,78,14,0,6,83,1,78,1.58e-37,134,91.03
lcl|ORF1133_fragment20:12446:12195,WP_047040264.1,84.615,78,12,0,6,83,1,78,1.61e-37,140,92.31
lcl|ORF1133_fragment20:12446:12195,WP_101705076.1,84.615,78,12,0,6,83,1,78,1.63e-37,140,92.31
lcl|ORF1133_fragment20:12446:12195,HAJ3457456.1,82.051,78,14,0,6,83,1,78,1.66e-37,134,91.03
lcl|ORF1133_fragment20:12446:12195,WP_100279375.1,84.615,78,12,0,6,83,1,78,1.66e-37,140,92.31
lcl|ORF1133_fragment20:12446:12195,WP_221695117.1,84.615,78,12,0,6,83,1,78,1.70e-37,140,92.31
lcl|ORF1133_fragment20:12446:12195,WP_015369079.1,84.615,78,12,0,6,83,1,78,1.70e-37,140,92.31
lcl|ORF1133_fragment20:12446:12195,EIX9084842.1,84.615,78,12,0,6,83,1,78,1.72e-37,140,92.31
lcl|ORF1133_fragment20:12446:12195,WP_045390501.1,84.615,78,12,0,6,83,1,78,1.72e-37,140,92.31
lcl|ORF1133_fragment20:12446:12195,WP_116348933.1,84.615,78,12,0,6,83,1,78,1.72e-37,140,92.31
lcl|ORF1133_fragment20:12446:12195,WP_163388974.1,84.615,78,12,0,6,83,1,78,1.75e-37,140,92.31
lcl|ORF1133_fragment20:12446:12195,HBV9943731.1,84.615,78,12,0,6,83,1,78,1.75e-37,140,92.31
lcl|ORF1133_fragment20:12446:12195,WP_213902737.1,82.051,78,14,0,6,83,1,78,1.78e-37,135,91.03
lcl|ORF1133_fragment20:12446:12195,WP_149271385.1,84.615,78,12,0,6,83,1,78,1.81e-37,140,92.31
lcl|ORF1133_fragment20:12446:12195,HCB2459162.1,84.615,78,12,0,6,83,1,78,1.81e-37,140,92.31
lcl|ORF1133_fragment20:12446:12195,EIV6183179.1,84.615,78,12,0,6,83,1,78,1.81e-37,140,92.31
lcl|ORF1133_fragment20:12446:12195,HCF8018088.1,84.615,78,12,0,6,83,1,78,1.83e-37,140,92.31
lcl|ORF1133_fragment20:12446:12195,WP_049053063.1,84.615,78,12,0,6,83,1,78,1.85e-37,140,92.31
lcl|ORF1133_fragment20:12446:12195,WP_015703869.1,84.615,78,12,0,6,83,1,78,1.85e-37,140,92.31
lcl|ORF1133_fragment20:12446:12195,WP_163279915.1,84.615,78,12,0,6,83,1,78,1.87e-37,140,92.31
lcl|ORF1133_fragment20:12446:12195,WP_063446065.1,84.615,78,12,0,6,83,1,78,1.87e-37,140,92.31
lcl|ORF1133_fragment20:12446:12195,HBZ4244495.1,84.615,78,12,0,6,83,1,78,1.89e-37,140,92.31
lcl|ORF1133_fragment20:12446:12195,HBQ2430900.1,84.615,78,12,0,6,83,1,78,1.91e-37,140,92.31
lcl|ORF1133_fragment20:12446:12195,HBX2115999.1,84.615,78,12,0,6,83,1,78,1.91e-37,140,92.31
lcl|ORF1133_fragment20:12446:12195,WP_087867848.1,84.615,78,12,0,6,83,1,78,1.91e-37,140,92.31
lcl|ORF1133_fragment20:12446:12195,WP_047079820.1,84.615,78,12,0,6,83,1,78,1.91e-37,140,92.31
lcl|ORF1133_fragment20:12446:12195,WP_045365235.1,84.615,78,12,0,6,83,1,78,1.91e-37,140,92.31
lcl|ORF1133_fragment20:12446:12195,HBS6040602.1,84.615,78,12,0,6,83,1,78,1.91e-37,140,92.31
lcl|ORF1133_fragment20:12446:12195,WP_058676319.1,84.615,78,12,0,6,83,1,78,1.91e-37,140,92.31
lcl|ORF1133_fragment20:12446:12195,WP_049047591.1,84.615,78,12,0,6,83,1,78,1.93e-37,140,92.31
lcl|ORF1133_fragment20:12446:12195,WP_063410211.1,84.615,78,12,0,6,83,1,78,1.93e-37,140,92.31
lcl|ORF1133_fragment20:12446:12195,WP_047054665.1,84.615,78,12,0,6,83,1,78,1.94e-37,140,92.31
lcl|ORF1133_fragment20:12446:12195,WP_077202990.1,84.615,78,12,0,6,83,1,78,1.97e-37,139,92.31
lcl|ORF1133_fragment20:12446:12195,HBV9449831.1,84.615,78,12,0,6,83,1,78,1.97e-37,139,92.31
lcl|ORF1133_fragment20:12446:12195,WP_134899851.1,82.051,78,14,0,6,83,1,78,2.44e-37,135,91.03
lcl|ORF1133_fragment20:12446:12195,MWT36091.1,80.769,78,15,0,6,83,1,78,2.49e-37,130,89.74
lcl|ORF1133_fragment20:12446:12195,WP_259924807.1,84.615,78,12,0,6,83,1,78,2.61e-37,139,92.31
lcl|ORF1133_fragment20:12446:12195,HBQ7916357.1,82.051,78,14,0,6,83,1,78,2.79e-37,135,91.03
lcl|ORF1133_fragment20:12446:12195,WP_195868900.1,82.051,78,14,0,6,83,1,78,2.92e-37,135,91.03
lcl|ORF1133_fragment20:12446:12195,HBU3634111.1,82.051,78,14,0,6,83,1,78,2.98e-37,135,91.03
lcl|ORF1133_fragment20:12446:12195,MCJ8604481.1,82.051,78,14,0,6,83,1,78,2.98e-37,135,91.03
lcl|ORF1133_fragment20:12446:12195,PLN17207.1,82.051,78,14,0,6,83,1,78,3.00e-37,135,91.03
lcl|ORF1133_fragment20:12446:12195,WP_234284063.1,84.615,78,12,0,6,83,1,78,3.03e-37,139,92.31
lcl|ORF1133_fragment20:12446:12195,WP_049192184.1,82.051,78,14,0,6,83,1,78,3.30e-37,135,91.03
lcl|ORF1133_fragment20:12446:12195,WP_115223588.1,83.333,78,13,0,6,83,1,78,3.45e-37,139,92.31
lcl|ORF1133_fragment20:12446:12195,SXG96245.1,82.051,78,14,0,6,83,1,78,3.51e-37,135,91.03
lcl|ORF1133_fragment20:12446:12195,HBT7231132.1,82.051,78,14,0,6,83,1,78,3.57e-37,135,91.03
lcl|ORF1133_fragment20:12446:12195,TPV72063.1,82.051,78,14,0,6,83,1,78,3.65e-37,135,91.03
lcl|ORF1133_fragment20:12446:12195,WP_142735568.1,82.051,78,14,0,6,83,1,78,3.72e-37,135,91.03
lcl|ORF1133_fragment20:12446:12195,VFS67139.1,78.205,78,17,0,6,83,1,78,3.74e-37,130,91.03
lcl|ORF1133_fragment20:12446:12195,VDR23782.1,83.333,78,13,0,6,83,1,78,3.82e-37,136,92.31
lcl|ORF1133_fragment20:12446:12195,HBT3580399.1,82.051,78,14,0,6,83,1,78,4.07e-37,135,91.03
lcl|ORF1133_fragment20:12446:12195,SUQ55488.1,83.333,78,13,0,6,83,1,78,4.21e-37,136,92.31
lcl|ORF1133_fragment20:12446:12195,WP_102098537.1,82.051,78,14,0,6,83,1,78,5.10e-37,135,91.03
lcl|ORF1133_fragment20:12446:12195,SXI80148.1,82.051,78,14,0,6,83,1,78,5.66e-37,135,91.03
lcl|ORF1133_fragment20:12446:12195,WP_203164209.1,82.051,78,14,0,6,83,1,78,6.11e-37,135,91.03
lcl|ORF1133_fragment20:12446:12195,WP_109205068.1,82.051,78,14,0,6,83,1,78,6.58e-37,135,91.03
lcl|ORF1133_fragment20:12446:12195,HBS2279335.1,83.333,78,13,0,6,83,1,78,6.76e-37,138,92.31
lcl|ORF1133_fragment20:12446:12195,HBV6372882.1,83.333,78,13,0,6,83,1,78,7.09e-37,138,92.31
lcl|ORF1133_fragment20:12446:12195,WP_087828375.1,83.333,78,13,0,6,83,1,78,7.55e-37,138,92.31
lcl|ORF1133_fragment20:12446:12195,WP_087661916.1,82.051,78,14,0,6,83,1,78,7.83e-37,135,91.03
lcl|ORF1133_fragment20:12446:12195,WP_265838276.1,83.333,78,13,0,6,83,1,78,8.04e-37,138,92.31
lcl|ORF1133_fragment20:12446:12195,WP_142464201.1,83.333,78,13,0,6,83,1,78,8.09e-37,138,92.31
lcl|ORF1133_fragment20:12446:12195,WP_110275974.1,83.333,78,13,0,6,83,1,78,8.09e-37,138,92.31
lcl|ORF1133_fragment20:12446:12195,WP_135800207.1,83.333,78,13,0,6,83,1,78,8.13e-37,138,92.31
lcl|ORF1133_fragment20:12446:12195,WP_112215655.1,83.333,78,13,0,6,83,1,78,8.17e-37,138,92.31
lcl|ORF1133_fragment20:12446:12195,WP_182235383.1,83.333,78,13,0,6,83,1,78,8.17e-37,138,92.31
lcl|ORF1133_fragment20:12446:12195,WP_195440817.1,83.333,78,13,0,6,83,1,78,8.39e-37,138,92.31
lcl|ORF1134_fragment20:12194:12006,STV85668.1,81.967,61,11,0,2,62,1,61,7.21e-26,100,86.89
lcl|ORF1134_fragment20:12194:12006,MBN1016403.1,80.645,62,12,0,1,62,6,67,1.08e-25,100,87.10
lcl|ORF1134_fragment20:12194:12006,STR42982.1,81.967,61,11,0,2,62,1,61,4.61e-25,100,86.89
lcl|ORF1134_fragment20:12194:12006,WP_200542265.1,80.645,62,12,0,1,62,13,74,5.62e-25,100,87.10
lcl|ORF1134_fragment20:12194:12006,WP_231316738.1,77.419,62,14,0,1,62,19,80,6.81e-25,98.2,85.48
lcl|ORF1134_fragment20:12194:12006,MBN0415775.1,80.645,62,12,0,1,62,73,134,9.40e-25,99.4,87.10
lcl|ORF1134_fragment20:12194:12006,MBN0787440.1,80.645,62,12,0,1,62,80,141,1.07e-24,99.4,87.10
lcl|ORF1134_fragment20:12194:12006,RFC87187.1,81.356,59,11,0,1,59,8,66,1.08e-24,96.7,88.14
lcl|ORF1134_fragment20:12194:12006,PMC26646.1,80.645,62,12,0,1,62,47,108,1.09e-24,100,87.10
lcl|ORF1134_fragment20:12194:12006,HCQ11333.1,79.032,62,13,0,1,62,35,96,1.36e-24,99.0,85.48
lcl|ORF1134_fragment20:12194:12006,PLL17550.1,80.645,62,12,0,1,62,80,141,1.63e-24,100,87.10
lcl|ORF1134_fragment20:12194:12006,VFS70559.1,80.645,62,12,0,1,62,80,141,1.75e-24,99.0,87.10
lcl|ORF1134_fragment20:12194:12006,WP_140399737.1,80.645,62,12,0,1,62,80,141,1.89e-24,99.8,87.10
lcl|ORF1134_fragment20:12194:12006,STW11303.1,80.645,62,12,0,1,62,80,141,2.03e-24,99.8,87.10
lcl|ORF1134_fragment20:12194:12006,RCJ92707.1,80.645,62,12,0,1,62,80,141,2.28e-24,100,87.10
lcl|ORF1134_fragment20:12194:12006,WP_200556138.1,82.258,62,11,0,1,62,80,141,2.32e-24,103,88.71
lcl|ORF1134_fragment20:12194:12006,PLP18201.1,80.645,62,12,0,1,62,80,141,2.41e-24,100,87.10
lcl|ORF1134_fragment20:12194:12006,HAJ3457456.1,80.645,62,12,0,1,62,80,141,2.58e-24,100,87.10
lcl|ORF1134_fragment20:12194:12006,WP_256742014.1,77.419,62,14,0,1,62,40,101,2.66e-24,98.2,87.10
lcl|ORF1134_fragment20:12194:12006,MWL73808.1,79.032,62,13,0,1,62,80,141,2.98e-24,98.2,85.48
lcl|ORF1134_fragment20:12194:12006,MBQ4755319.1,81.667,60,11,0,1,60,80,139,2.99e-24,97.8,88.33
lcl|ORF1134_fragment20:12194:12006,KAE9856908.1,79.032,62,13,0,1,62,80,141,3.50e-24,98.2,85.48
lcl|ORF1134_fragment20:12194:12006,WP_213378150.1,80.645,62,12,0,1,62,41,102,3.60e-24,100,87.10
lcl|ORF1134_fragment20:12194:12006,WP_134899851.1,80.645,62,12,0,1,62,80,141,3.80e-24,100,87.10
lcl|ORF1134_fragment20:12194:12006,HBU3634111.1,80.645,62,12,0,1,62,80,141,3.90e-24,100,87.10
lcl|ORF1134_fragment20:12194:12006,WP_049192184.1,80.645,62,12,0,1,62,80,141,4.56e-24,100,87.10
lcl|ORF1134_fragment20:12194:12006,HBT7231132.1,80.645,62,12,0,1,62,80,141,4.57e-24,100,87.10
lcl|ORF1134_fragment20:12194:12006,WP_195868900.1,80.645,62,12,0,1,62,80,141,4.60e-24,100,87.10
lcl|ORF1134_fragment20:12194:12006,WP_142735568.1,80.645,62,12,0,1,62,80,141,4.64e-24,100,87.10
lcl|ORF1134_fragment20:12194:12006,SXG96245.1,80.645,62,12,0,1,62,80,141,4.67e-24,100,87.10
lcl|ORF1134_fragment20:12194:12006,WP_256740975.1,77.419,62,14,0,1,62,80,141,4.97e-24,98.6,87.10
lcl|ORF1134_fragment20:12194:12006,PLN17207.1,80.645,62,12,0,1,62,80,141,4.99e-24,100,87.10
lcl|ORF1134_fragment20:12194:12006,HBQ7916357.1,80.645,62,12,0,1,62,80,141,5.01e-24,100,87.10
lcl|ORF1134_fragment20:12194:12006,TPV72063.1,80.645,62,12,0,1,62,80,141,5.03e-24,100,87.10
lcl|ORF1134_fragment20:12194:12006,WP_256738107.1,77.419,62,14,0,1,62,80,141,5.09e-24,98.6,87.10
lcl|ORF1134_fragment20:12194:12006,MCJ8604481.1,80.645,62,12,0,1,62,80,141,5.22e-24,100,87.10
lcl|ORF1134_fragment20:12194:12006,WP_200558315.1,79.032,62,13,0,1,62,80,141,5.34e-24,98.2,85.48
lcl|ORF1134_fragment20:12194:12006,WP_243689593.1,77.419,62,14,0,1,62,80,141,5.42e-24,98.6,87.10
lcl|ORF1134_fragment20:12194:12006,HBT3580399.1,80.645,62,12,0,1,62,80,141,5.62e-24,100,87.10
lcl|ORF1134_fragment20:12194:12006,VFS37331.1,80.645,62,12,0,1,62,38,99,5.78e-24,100,87.10
lcl|ORF1134_fragment20:12194:12006,WP_254890278.1,77.419,62,14,0,1,62,80,141,5.80e-24,98.6,87.10
lcl|ORF1134_fragment20:12194:12006,WP_102098537.1,80.645,62,12,0,1,62,80,141,6.23e-24,100,87.10
lcl|ORF1134_fragment20:12194:12006,SXI80148.1,80.645,62,12,0,1,62,80,141,6.69e-24,100,87.10
lcl|ORF1134_fragment20:12194:12006,HBY5562543.1,80.645,62,12,0,1,62,1,62,6.78e-24,101,87.10
lcl|ORF1134_fragment20:12194:12006,HBR5654033.1,82.258,62,11,0,1,62,80,141,7.12e-24,102,88.71
lcl|ORF1134_fragment20:12194:12006,NCB61606.1,79.032,62,13,0,1,62,80,141,7.12e-24,98.6,85.48
lcl|ORF1134_fragment20:12194:12006,EUL70856.1,79.032,62,13,0,1,62,80,141,7.20e-24,98.6,85.48
lcl|ORF1134_fragment20:12194:12006,PZT65026.1,77.419,62,14,0,1,62,80,141,7.37e-24,97.8,85.48
lcl|ORF1134_fragment20:12194:12006,WP_087661916.1,80.645,62,12,0,1,62,80,141,7.38e-24,100,87.10
lcl|ORF1134_fragment20:12194:12006,WP_203164209.1,80.645,62,12,0,1,62,80,141,7.40e-24,100,87.10
lcl|ORF1134_fragment20:12194:12006,WP_109205068.1,80.645,62,12,0,1,62,80,141,7.43e-24,100,87.10
lcl|ORF1134_fragment20:12194:12006,WP_102003473.1,80.645,62,12,0,1,62,80,141,8.03e-24,100,87.10
lcl|ORF1134_fragment20:12194:12006,PLN94396.1,80.645,62,12,0,1,62,80,141,9.99e-24,100,87.10
lcl|ORF1134_fragment20:12194:12006,WP_143453468.1,79.032,62,13,0,1,62,80,141,1.01e-23,97.8,85.48
lcl|ORF1134_fragment20:12194:12006,STT82809.1,81.967,61,11,0,2,62,1,61,1.11e-23,101,86.89
lcl|ORF1134_fragment20:12194:12006,WP_109240207.1,80.645,62,12,0,1,62,80,141,1.17e-23,100,87.10
lcl|ORF1134_fragment20:12194:12006,STV29297.1,81.967,61,11,0,2,62,1,61,1.19e-23,101,86.89
lcl|ORF1134_fragment20:12194:12006,EGT5700389.1,80.645,62,12,0,1,62,19,80,1.19e-23,101,87.10
lcl|ORF1134_fragment20:12194:12006,MBN6333932.1,80.645,62,12,0,1,62,73,134,1.21e-23,100,87.10
lcl|ORF1134_fragment20:12194:12006,WP_131725892.1,81.356,59,11,0,1,59,80,138,1.25e-23,96.3,88.14
lcl|ORF1134_fragment20:12194:12006,WP_226956375.1,80.645,62,12,0,1,62,80,141,1.25e-23,100,87.10
lcl|ORF1134_fragment20:12194:12006,WP_085320296.1,80.645,62,12,0,1,62,80,141,1.29e-23,100,87.10
lcl|ORF1134_fragment20:12194:12006,WP_088355673.1,77.419,62,14,0,1,62,73,134,1.37e-23,99.0,87.10
lcl|ORF1134_fragment20:12194:12006,WP_194758513.1,77.419,62,14,0,1,62,80,141,1.38e-23,99.0,87.10
lcl|ORF1134_fragment20:12194:12006,EIV7982102.1,80.645,62,12,0,1,62,80,141,1.38e-23,100,87.10
lcl|ORF1134_fragment20:12194:12006,HAJ3151061.1,80.645,62,12,0,1,62,80,141,1.44e-23,100,87.10
lcl|ORF1134_fragment20:12194:12006,HBQ8714201.1,80.645,62,12,0,1,62,80,141,1.55e-23,100,87.10
lcl|ORF1134_fragment20:12194:12006,SSJ31127.1,80.645,62,12,0,1,62,38,99,1.59e-23,101,87.10
lcl|ORF1134_fragment20:12194:12006,WP_197324696.1,80.645,62,12,0,1,62,56,117,1.61e-23,100,87.10
lcl|ORF1134_fragment20:12194:12006,STT08678.1,80.645,62,12,0,1,62,38,99,1.61e-23,101,87.10
lcl|ORF1134_fragment20:12194:12006,WP_109022625.1,80.645,62,12,0,1,62,80,141,1.69e-23,100,87.10
lcl|ORF1134_fragment20:12194:12006,WP_244342067.1,80.645,62,12,0,1,62,56,117,1.71e-23,100,87.10
lcl|ORF1134_fragment20:12194:12006,VDR23782.1,80.645,62,12,0,1,62,80,141,1.75e-23,100,87.10
lcl|ORF1134_fragment20:12194:12006,KGB09767.1,80.645,62,12,0,1,62,80,141,1.82e-23,100,87.10
lcl|ORF1134_fragment20:12194:12006,HAJ3604282.1,80.645,62,12,0,1,62,80,141,1.87e-23,100,87.10
lcl|ORF1134_fragment20:12194:12006,WP_224322355.1,80.645,62,12,0,1,62,80,141,1.87e-23,100,87.10
lcl|ORF1134_fragment20:12194:12006,HBZ1022808.1,80.645,62,12,0,1,62,80,141,1.93e-23,101,88.71
lcl|ORF1134_fragment20:12194:12006,STU56058.1,80.645,62,12,0,1,62,80,141,2.08e-23,100,87.10
lcl|ORF1134_fragment20:12194:12006,SUQ55488.1,80.645,62,12,0,1,62,80,141,2.13e-23,100,87.10
lcl|ORF1134_fragment20:12194:12006,CAE7600665.1,80.645,62,12,0,1,62,80,141,2.15e-23,100,87.10
lcl|ORF1134_fragment20:12194:12006,WP_087652522.1,80.645,62,12,0,1,62,80,141,2.19e-23,100,87.10
lcl|ORF1134_fragment20:12194:12006,HCC2624565.1,80.645,62,12,0,1,62,80,141,2.22e-23,100,87.10
lcl|ORF1134_fragment20:12194:12006,WP_142479238.1,80.645,62,12,0,1,62,80,141,2.24e-23,100,87.10
lcl|ORF1134_fragment20:12194:12006,HBQ0849850.1,80.645,62,12,0,1,62,80,141,2.24e-23,100,87.10
lcl|ORF1134_fragment20:12194:12006,CDL50271.1,80.645,62,12,0,1,62,80,141,2.25e-23,101,87.10
lcl|ORF1134_fragment20:12194:12006,RCI93259.1,80.645,62,12,0,1,62,80,141,2.26e-23,100,87.10
lcl|ORF1134_fragment20:12194:12006,WP_102082927.1,80.645,62,12,0,1,62,80,141,2.28e-23,101,87.10
lcl|ORF1134_fragment20:12194:12006,WP_095022589.1,80.645,62,12,0,1,62,80,141,2.29e-23,100,87.10
lcl|ORF1134_fragment20:12194:12006,HBQ7804391.1,80.645,62,12,0,1,62,56,117,2.33e-23,100,87.10
lcl|ORF1134_fragment20:12194:12006,HAK01857.1,80.645,62,12,0,1,62,80,141,2.38e-23,100,87.10
lcl|ORF1134_fragment20:12194:12006,PLL51993.1,80.645,62,12,0,1,62,66,127,2.40e-23,101,87.10
lcl|ORF1134_fragment20:12194:12006,WP_262854476.1,80.645,62,12,0,1,62,80,141,2.41e-23,100,87.10
lcl|ORF1134_fragment20:12194:12006,VTN63351.1,80.645,62,12,0,1,62,80,141,2.42e-23,100,87.10
lcl|ORF1134_fragment20:12194:12006,HBS0770228.1,80.645,62,12,0,1,62,80,141,2.43e-23,101,87.10
lcl|ORF1134_fragment20:12194:12006,GHK55579.1,80.645,62,12,0,1,62,80,141,2.45e-23,100,87.10
lcl|ORF1134_fragment20:12194:12006,HBY7614326.1,80.645,62,12,0,1,62,80,141,2.51e-23,100,87.10
lcl|ORF1134_fragment20:12194:12006,HBQ8106189.1,80.645,62,12,0,1,62,80,141,2.58e-23,100,87.10
lcl|ORF1134_fragment20:12194:12006,HCC6406557.1,80.645,62,12,0,1,62,69,130,2.59e-23,100,87.10
lcl|ORF1134_fragment20:12194:12006,HBR1694380.1,80.645,62,12,0,1,62,80,141,2.59e-23,101,87.10
lcl|ORF1134_fragment20:12194:12006,UMP75566.1,80.645,62,12,0,1,62,80,141,2.59e-23,100,87.10
lcl|ORF1135_fragment20:12002:11097,WP_213292918.1,84.564,298,46,0,1,298,144,441,1.43e-174,500,90.27
lcl|ORF1135_fragment20:12002:11097,WP_047040264.1,84.564,298,46,0,1,298,144,441,1.60e-174,499,90.27
lcl|ORF1135_fragment20:12002:11097,CDL11646.1,81.145,297,56,0,1,297,32,328,7.33e-169,481,87.88
lcl|ORF1135_fragment20:12002:11097,PLN61980.1,81.145,297,56,0,1,297,53,349,1.03e-168,481,87.88
lcl|ORF1135_fragment20:12002:11097,PLN06845.1,81.145,297,56,0,1,297,58,354,1.18e-168,481,87.88
lcl|ORF1135_fragment20:12002:11097,WP_101705076.1,84.564,298,46,0,1,298,144,441,1.49e-168,484,90.27
lcl|ORF1135_fragment20:12002:11097,HBY5562543.1,81.145,297,56,0,1,297,65,361,1.68e-168,481,87.88
lcl|ORF1135_fragment20:12002:11097,WP_063446065.1,85.235,298,44,0,1,298,144,441,1.78e-168,484,90.60
lcl|ORF1135_fragment20:12002:11097,STV29297.1,81.145,297,56,0,1,297,64,360,2.05e-168,481,87.88
lcl|ORF1135_fragment20:12002:11097,WP_110236665.1,81.481,297,55,0,1,297,144,440,3.21e-168,484,88.22
lcl|ORF1135_fragment20:12002:11097,WP_100729704.1,81.481,297,55,0,1,297,144,440,3.50e-168,484,88.22
lcl|ORF1135_fragment20:12002:11097,HCB2459162.1,85.235,298,44,0,1,298,144,441,4.00e-168,483,90.60
lcl|ORF1135_fragment20:12002:11097,HBR1084424.1,81.481,297,55,0,1,297,144,440,4.81e-168,483,88.22
lcl|ORF1135_fragment20:12002:11097,WP_248195746.1,80.399,301,59,0,1,301,144,444,6.54e-168,483,87.38
lcl|ORF1135_fragment20:12002:11097,WP_047079820.1,84.899,298,45,0,1,298,144,441,7.46e-168,483,90.60
lcl|ORF1135_fragment20:12002:11097,WP_163312063.1,84.899,298,45,0,1,298,144,441,7.88e-168,483,90.60
lcl|ORF1135_fragment20:12002:11097,WP_104468406.1,81.481,297,55,0,1,297,144,440,8.40e-168,483,88.22
lcl|ORF1135_fragment20:12002:11097,WP_129765516.1,81.481,297,55,0,1,297,144,440,8.40e-168,483,88.22
lcl|ORF1135_fragment20:12002:11097,EJO3194650.1,84.899,298,45,0,1,298,144,441,8.50e-168,483,90.60
lcl|ORF1135_fragment20:12002:11097,STT82809.1,80.808,297,57,0,1,297,64,360,8.58e-168,479,87.54
lcl|ORF1135_fragment20:12002:11097,HBV6412868.1,81.481,297,55,0,1,297,144,440,8.77e-168,483,87.88
lcl|ORF1135_fragment20:12002:11097,WP_244334845.1,81.481,297,55,0,1,297,144,440,9.26e-168,483,87.88
lcl|ORF1135_fragment20:12002:11097,WP_131073309.1,81.145,297,56,0,1,297,144,440,9.37e-168,483,88.22
lcl|ORF1135_fragment20:12002:11097,WP_102023360.1,81.481,297,55,0,1,297,144,440,9.79e-168,483,88.22
lcl|ORF1135_fragment20:12002:11097,WP_064181813.1,81.481,297,55,0,1,297,144,440,9.79e-168,483,88.22
lcl|ORF1135_fragment20:12002:11097,CAH5037710.1,80.333,300,59,0,1,300,144,443,1.03e-167,483,87.67
lcl|ORF1135_fragment20:12002:11097,HBY1116566.1,80.333,300,59,0,1,300,144,443,1.03e-167,483,87.67
lcl|ORF1135_fragment20:12002:11097,WP_224226145.1,81.481,297,55,0,1,297,144,440,1.07e-167,482,87.88
lcl|ORF1135_fragment20:12002:11097,MCP5588695.1,81.481,297,55,0,1,297,144,440,1.08e-167,482,87.88
lcl|ORF1135_fragment20:12002:11097,WP_181479465.1,81.481,297,55,0,1,297,144,440,1.08e-167,482,88.22
lcl|ORF1135_fragment20:12002:11097,WP_109240719.1,81.208,298,56,0,1,298,144,441,1.11e-167,482,88.59
lcl|ORF1135_fragment20:12002:11097,KMI30908.1,81.481,297,55,0,1,297,144,440,1.12e-167,482,87.88
lcl|ORF1135_fragment20:12002:11097,WP_015703869.1,84.899,298,45,0,1,298,144,441,1.23e-167,482,90.60
lcl|ORF1135_fragment20:12002:11097,WP_008806769.1,81.481,297,55,0,1,297,144,440,1.27e-167,482,87.88
lcl|ORF1135_fragment20:12002:11097,HCF8018088.1,84.899,298,45,0,1,298,144,441,1.30e-167,482,90.60
lcl|ORF1135_fragment20:12002:11097,WP_182000050.1,81.481,297,55,0,1,297,144,440,1.37e-167,482,87.88
lcl|ORF1135_fragment20:12002:11097,WP_196093102.1,81.481,297,55,0,1,297,144,440,1.42e-167,482,87.88
lcl|ORF1135_fragment20:12002:11097,WP_100630939.1,81.145,297,56,0,1,297,144,440,1.48e-167,482,88.22
lcl|ORF1135_fragment20:12002:11097,WP_163279915.1,84.899,298,45,0,1,298,144,441,1.55e-167,482,90.60
lcl|ORF1135_fragment20:12002:11097,WP_110214038.1,81.481,297,55,0,1,297,144,440,1.58e-167,482,87.88
lcl|ORF1135_fragment20:12002:11097,MCP6556148.1,81.145,297,56,0,1,297,144,440,1.58e-167,482,88.22
lcl|ORF1135_fragment20:12002:11097,WP_268657528.1,81.145,297,56,0,1,297,144,440,1.65e-167,482,88.22
lcl|ORF1135_fragment20:12002:11097,SSJ31127.1,81.145,297,56,0,1,297,102,398,1.84e-167,480,87.88
lcl|ORF1135_fragment20:12002:11097,WP_049053063.1,84.564,298,46,0,1,298,144,441,1.85e-167,482,90.60
lcl|ORF1135_fragment20:12002:11097,WP_232711946.1,81.145,297,56,0,1,297,144,440,1.87e-167,482,87.88
lcl|ORF1135_fragment20:12002:11097,HBR1554482.1,81.145,297,56,0,1,297,144,440,1.93e-167,482,87.88
lcl|ORF1135_fragment20:12002:11097,WP_261901949.1,81.145,297,56,0,1,297,144,440,1.93e-167,482,87.88
lcl|ORF1135_fragment20:12002:11097,WP_208692512.1,81.145,297,56,0,1,297,144,440,1.99e-167,482,87.88
lcl|ORF1135_fragment20:12002:11097,WP_188131903.1,81.145,297,56,0,1,297,144,440,2.08e-167,481,87.88
lcl|ORF1135_fragment20:12002:11097,WP_136032224.1,81.145,297,56,0,1,297,144,440,2.10e-167,481,87.88
lcl|ORF1135_fragment20:12002:11097,HBW2225929.1,81.145,297,56,0,1,297,144,440,2.15e-167,481,87.88
lcl|ORF1135_fragment20:12002:11097,HBS4169645.1,81.145,297,56,0,1,297,144,440,2.20e-167,481,87.88
lcl|ORF1135_fragment20:12002:11097,WP_224232281.1,81.145,297,56,0,1,297,144,440,2.25e-167,481,87.88
lcl|ORF1135_fragment20:12002:11097,WP_255211972.1,81.145,297,56,0,1,297,118,414,2.25e-167,481,87.88
lcl|ORF1135_fragment20:12002:11097,HCC2236601.1,81.145,297,56,0,1,297,144,440,2.30e-167,481,87.88
lcl|ORF1135_fragment20:12002:11097,WP_050533506.1,81.145,297,56,0,1,297,144,440,2.32e-167,481,87.88
lcl|ORF1135_fragment20:12002:11097,WP_186944705.1,81.481,297,55,0,1,297,144,440,2.40e-167,481,87.88
lcl|ORF1135_fragment20:12002:11097,WP_023291424.1,81.145,297,56,0,1,297,144,440,2.48e-167,481,87.88
lcl|ORF1135_fragment20:12002:11097,WP_179396885.1,81.145,297,56,0,1,297,144,440,2.56e-167,481,87.88
lcl|ORF1135_fragment20:12002:11097,WP_231786882.1,81.145,297,56,0,1,297,144,440,2.65e-167,481,87.88
lcl|ORF1135_fragment20:12002:11097,EIX9084842.1,84.564,298,46,0,1,298,144,441,2.65e-167,481,90.60
lcl|ORF1135_fragment20:12002:11097,WP_004205144.1,81.145,297,56,0,1,297,144,440,2.71e-167,481,87.88
lcl|ORF1135_fragment20:12002:11097,HCI4594542.1,81.145,297,56,0,1,297,144,440,2.74e-167,481,87.88
lcl|ORF1135_fragment20:12002:11097,HBW8845268.1,81.145,297,56,0,1,297,144,440,2.89e-167,481,87.88
lcl|ORF1135_fragment20:12002:11097,HCI4633892.1,81.145,297,56,0,1,297,144,440,3.09e-167,481,87.54
lcl|ORF1135_fragment20:12002:11097,WP_192080087.1,80.808,297,57,0,1,297,144,440,3.12e-167,481,87.88
lcl|ORF1135_fragment20:12002:11097,WP_117083758.1,81.145,297,56,0,1,297,144,440,3.29e-167,481,87.88
lcl|ORF1135_fragment20:12002:11097,WP_049047591.1,84.564,298,46,0,1,298,144,441,3.37e-167,481,90.60
lcl|ORF1135_fragment20:12002:11097,WP_213214209.1,81.145,297,56,0,1,297,144,440,3.40e-167,481,87.88
lcl|ORF1135_fragment20:12002:11097,WP_255074395.1,81.145,297,56,0,1,297,144,440,3.40e-167,481,87.88
lcl|ORF1135_fragment20:12002:11097,HBU4521086.1,81.145,297,56,0,1,297,144,440,3.48e-167,481,87.88
lcl|ORF1135_fragment20:12002:11097,HBS6935249.1,81.145,297,56,0,1,297,144,440,3.56e-167,481,87.88
lcl|ORF1135_fragment20:12002:11097,WP_192950743.1,81.145,297,56,0,1,297,144,440,3.60e-167,481,87.88
lcl|ORF1135_fragment20:12002:11097,WP_135724278.1,81.145,297,56,0,1,297,144,440,3.60e-167,481,87.88
lcl|ORF1135_fragment20:12002:11097,HBR5654033.1,81.145,297,56,0,1,297,144,440,3.60e-167,481,87.88
lcl|ORF1135_fragment20:12002:11097,HBR6442792.1,81.145,297,56,0,1,297,144,440,3.63e-167,481,87.88
lcl|ORF1135_fragment20:12002:11097,WP_256799903.1,81.145,297,56,0,1,297,144,440,3.63e-167,481,87.88
lcl|ORF1135_fragment20:12002:11097,WP_077202990.1,84.564,298,46,0,1,298,144,441,3.64e-167,481,90.60
lcl|ORF1135_fragment20:12002:11097,HCC6422098.1,81.145,297,56,0,1,297,144,440,3.92e-167,481,87.88
lcl|ORF1135_fragment20:12002:11097,WP_211602192.1,81.145,297,56,0,1,297,144,440,3.97e-167,481,87.88
lcl|ORF1135_fragment20:12002:11097,ONK52836.1,81.145,297,56,0,1,297,144,440,4.01e-167,481,87.88
lcl|ORF1135_fragment20:12002:11097,WP_047054665.1,83.224,304,45,1,1,298,144,447,4.02e-167,481,88.82
lcl|ORF1135_fragment20:12002:11097,HBQ6750924.1,81.145,297,56,0,1,297,144,440,4.05e-167,481,87.88
lcl|ORF1135_fragment20:12002:11097,HBT4696318.1,81.145,297,56,0,1,297,144,440,4.05e-167,481,87.88
lcl|ORF1135_fragment20:12002:11097,WP_031590406.1,81.145,297,56,0,1,297,144,440,4.05e-167,481,87.88
lcl|ORF1135_fragment20:12002:11097,MBS4955305.1,81.145,297,56,0,1,297,144,440,4.05e-167,481,87.88
lcl|ORF1135_fragment20:12002:11097,HBQ1377228.1,81.145,297,56,0,1,297,144,440,4.05e-167,481,87.88
lcl|ORF1135_fragment20:12002:11097,HCC2432208.1,81.145,297,56,0,1,297,144,440,4.05e-167,481,87.88
lcl|ORF1135_fragment20:12002:11097,WP_200556138.1,81.145,297,56,0,1,297,144,440,4.05e-167,481,87.88
lcl|ORF1135_fragment20:12002:11097,HBS4138492.1,81.145,297,56,0,1,297,144,440,4.05e-167,481,87.88
lcl|ORF1135_fragment20:12002:11097,WP_232550306.1,81.145,297,56,0,1,297,144,440,4.05e-167,481,87.88
lcl|ORF1135_fragment20:12002:11097,WP_050892991.1,81.145,297,56,0,1,297,144,440,4.05e-167,481,87.88
lcl|ORF1135_fragment20:12002:11097,HCA7333646.1,81.145,297,56,0,1,297,144,440,4.05e-167,481,87.88
lcl|ORF1135_fragment20:12002:11097,STT08678.1,80.808,297,57,0,1,297,102,398,4.06e-167,479,87.88
lcl|ORF1135_fragment20:12002:11097,WP_070181135.1,81.145,297,56,0,1,297,144,440,4.10e-167,481,87.88
lcl|ORF1135_fragment20:12002:11097,WP_228985751.1,81.145,297,56,0,1,297,144,440,4.10e-167,481,87.88
lcl|ORF1135_fragment20:12002:11097,HBZ7861445.1,81.145,297,56,0,1,297,144,440,4.19e-167,481,87.88
lcl|ORF1135_fragment20:12002:11097,WP_085858782.1,81.145,297,56,0,1,297,144,440,4.43e-167,481,87.88
lcl|ORF1135_fragment20:12002:11097,WP_065812040.1,81.145,297,56,0,1,297,144,440,4.47e-167,481,87.88
lcl|ORF1135_fragment20:12002:11097,HCI5774831.1,81.145,297,56,0,1,297,144,440,4.47e-167,481,87.88
lcl|ORF1137_fragment20:10853:10644,WP_253249573.1,68.750,32,10,0,38,69,263,294,6.57e-04,47.0,75.00
lcl|ORF1137_fragment20:10853:10644,SLY23918.1,68.750,32,10,0,38,69,337,368,7.42e-04,47.0,75.00
lcl|ORF1137_fragment20:10853:10644,VGK85196.1,68.750,32,10,0,38,69,280,311,0.002,45.8,75.00
lcl|ORF1141_fragment20:9824:9618,VEC47833.1,74.627,67,17,0,1,67,193,259,7.63e-10,63.2,80.60
lcl|ORF1141_fragment20:9824:9618,VDR25568.1,54.688,64,29,0,4,67,46,109,1.40e-09,59.7,60.94
lcl|ORF1141_fragment20:9824:9618,CEO82818.1,76.119,67,16,0,1,67,333,399,7.15e-09,61.2,82.09
lcl|ORF1141_fragment20:9824:9618,MCR6745340.1,69.231,39,12,0,29,67,172,210,0.002,45.4,74.36
lcl|ORF1141_fragment20:9824:9618,STV21594.1,68.421,38,12,0,29,66,85,122,0.013,42.7,73.68
lcl|ORF1142_fragment20:9464:9297,OUE83801.1,86.207,29,4,0,26,54,121,149,2.65e-06,52.0,89.66
lcl|ORF1142_fragment20:9464:9297,SAY16744.1,82.759,29,5,0,26,54,116,144,9.96e-06,50.4,89.66
lcl|ORF1142_fragment20:9464:9297,WP_215411347.1,73.333,30,8,0,21,50,68,97,2.05e-04,45.8,80.00
lcl|ORF1142_fragment20:9464:9297,TCV07585.1,68.966,29,9,0,26,54,155,183,0.026,41.6,86.21
lcl|ORF1144_fragment20:9050:8952,VEA36083.1,65.625,32,11,0,1,32,504,535,9.42e-06,50.4,78.12
lcl|ORF1150_fragment20:7247:7014,ESQ67962.1,37.838,74,45,1,1,74,177,249,2.51e-05,51.6,54.05
lcl|ORF1150_fragment20:7247:7014,TPM44090.1,43.333,60,33,1,1,60,107,165,7.27e-04,47.0,60.00
lcl|ORF1150_fragment20:7247:7014,OQA30029.1,38.462,65,39,1,3,67,1,64,0.009,43.1,56.92
lcl|ORF1150_fragment20:7247:7014,STT54698.1,41.509,53,31,0,24,76,52,104,0.018,42.4,52.83
lcl|ORF1150_fragment20:7247:7014,GDV45956.1,39.394,66,39,1,1,66,61,125,0.023,43.1,54.55
lcl|ORF1150_fragment20:7247:7014,CSE71071.1,42.188,64,36,1,3,66,1,63,0.035,42.0,54.69
lcl|ORF1150_fragment20:7247:7014,EGF32131.1,41.818,55,28,1,13,67,37,87,0.043,42.4,58.18
lcl|ORF1162_fragment20:3626:3546,STT82798.1,76.923,26,6,0,1,26,288,313,0.019,40.8,88.46
lcl|ORF1164_fragment20:3242:3159,STS78960.1,81.818,22,4,0,6,27,73,94,0.046,38.5,86.36
lcl|ORF1166_fragment20:2816:2706,VTM38988.1,86.111,36,5,0,1,36,211,246,2.85e-12,68.2,91.67
lcl|ORF1166_fragment20:2816:2706,STW47482.1,85.294,34,5,0,3,36,131,164,1.91e-10,62.0,88.24
lcl|ORF1167_fragment20:2543:2424,VAS29937.1,75.758,33,8,0,1,33,1,33,7.18e-08,55.8,87.88
lcl|ORF1171_fragment20:908:0,VXA85782.1,48.756,201,103,0,103,303,54,254,1.03e-42,164,59.20
lcl|ORF1171_fragment20:908:0,MBN0848071.1,82.192,73,13,0,46,118,1,73,1.03e-34,130,89.04
lcl|ORF1171_fragment20:908:0,STB46472.1,64.865,74,26,0,196,269,31,104,8.55e-20,93.2,74.32
lcl|ORF1171_fragment20:908:0,CSG37011.1,50.000,86,43,0,188,273,1,86,6.59e-18,87.8,63.95
lcl|ORF1171_fragment20:908:0,SQA99311.1,55.263,76,32,2,100,174,34,108,8.56e-15,80.1,72.37
lcl|ORF1171_fragment20:908:0,CNU09256.1,57.143,63,27,0,211,273,2,64,2.62e-11,69.3,65.08
lcl|ORF1171_fragment20:908:0,CSF22335.1,52.381,63,30,0,211,273,2,64,3.78e-10,66.2,65.08
lcl|ORF1171_fragment20:908:0,STL17884.1,50.000,52,26,0,191,242,101,152,3.18e-04,52.4,63.46
lcl|ORF1176_fragment20:78424:78329,SAJ01331.1,72.414,29,8,0,3,31,1,29,6.01e-06,47.0,75.86
lcl|ORF1177_fragment20:78277:78128,CNT97416.1,58.696,46,19,0,3,48,54,99,8.90e-07,52.8,67.39
lcl|ORF1178_fragment20:78124:77981,CNT97416.1,57.778,45,19,0,1,45,103,147,1.26e-04,47.0,62.22
lcl|ORF1180_fragment20:77701:77462,KJF76537.1,97.468,79,2,0,1,79,4,82,5.05e-47,154,98.73
lcl|ORF1180_fragment20:77701:77462,KZR39485.1,97.368,76,2,0,4,79,1,76,1.46e-45,150,98.68
lcl|ORF1190_fragment20:71743:71498,VEB03659.1,76.087,46,11,0,36,81,112,157,2.82e-11,66.2,78.26
lcl|ORF1191_fragment20:71404:71306,STW47580.1,90.323,31,2,1,2,32,681,710,3.11e-08,57.4,90.32
lcl|ORF1192_fragment20:71278:71033,GIW08166.1,46.667,60,32,0,2,61,811,870,0.025,43.1,51.67
lcl|ORF1195_fragment20:70501:70388,ENB92291.1,68.571,35,11,0,3,37,142,176,0.023,40.8,74.29


